person_age,person_income,person_emp_exp,loan_amnt,loan_int_rate,loan_percent_income,cb_person_cred_hist_length,credit_score,loan_status,person_gender_male,person_education_Bachelor,person_education_Doctorate,person_education_High School,person_education_Master,person_home_ownership_OTHER,person_home_ownership_OWN,person_home_ownership_RENT,loan_intent_EDUCATION,loan_intent_HOMEIMPROVEMENT,loan_intent_MEDICAL,loan_intent_PERSONAL,loan_intent_VENTURE,previous_loan_defaults_on_file_Yes
22.0,71948.0,0,35000.0,16.02,0.49,3.0,561,1,0,0,0,0,1,0,0,1,0,0,0,1,0,0
21.0,12282.0,0,1000.0,11.14,0.08,2.0,504,0,0,0,0,1,0,0,1,0,1,0,0,0,0,1
25.0,12438.0,3,5500.0,12.87,0.44,3.0,635,1,0,0,0,1,0,0,0,0,0,0,1,0,0,0
23.0,79753.0,0,35000.0,15.23,0.44,2.0,675,1,0,1,0,0,0,0,0,1,0,0,1,0,0,0
24.0,66135.0,1,35000.0,14.27,0.53,4.0,586,1,1,0,0,0,1,0,0,1,0,0,1,0,0,0
21.0,12951.0,0,2500.0,7.14,0.19,2.0,532,1,0,0,0,1,0,0,1,0,0,0,0,0,1,0
26.0,93471.0,1,35000.0,12.42,0.37,3.0,701,1,0,1,0,0,0,0,0,1,1,0,0,0,0,0
24.0,95550.0,5,35000.0,11.11,0.37,4.0,585,1,0,0,0,1,0,0,0,1,0,0,1,0,0,0
24.0,100684.0,3,35000.0,8.9,0.35,2.0,544,1,0,0,0,0,0,0,0,1,0,0,0,1,0,0
21.0,12739.0,0,1600.0,14.74,0.13,3.0,640,1,0,0,0,1,0,0,1,0,0,0,0,0,1,0
22.0,102985.0,0,35000.0,10.37,0.34,4.0,621,1,0,0,0,1,0,0,0,1,0,0,0,0,1,0
21.0,13113.0,0,4500.0,8.63,0.34,2.0,651,1,0,0,0,0,0,0,1,0,0,1,0,0,0,0
23.0,114860.0,3,35000.0,7.9,0.3,2.0,573,1,1,1,0,0,0,0,0,1,0,0,0,0,1,0
26.0,130713.0,0,35000.0,18.39,0.27,4.0,708,1,1,0,0,0,1,0,0,1,1,0,0,0,0,0
23.0,138998.0,0,35000.0,7.9,0.25,4.0,583,0,0,0,0,0,0,0,0,1,1,0,0,0,0,0
23.0,600891.0,5,30000.0,10.65,0.05,3.0,670,0,0,0,0,0,1,0,0,0,0,0,0,0,0,1
23.0,144943.0,0,35000.0,7.9,0.24,4.0,663,0,1,1,0,0,0,0,0,1,1,0,0,0,0,0
23.0,111369.0,0,35000.0,20.0,0.31,4.0,694,1,0,0,0,1,0,0,0,1,0,0,1,0,0,0
23.0,136628.0,0,35000.0,18.25,0.26,4.0,709,1,1,1,0,0,0,0,0,1,0,0,0,0,0,0
24.0,14283.0,1,1750.0,10.99,0.12,2.0,679,1,0,0,0,0,1,0,0,0,1,0,0,0,0,0
25.0,195718.0,0,35000.0,7.49,0.18,4.0,684,0,1,1,0,0,0,0,0,1,0,0,0,0,1,1
25.0,165792.0,4,34800.0,16.77,0.21,2.0,662,0,1,0,0,1,0,0,0,1,0,0,0,1,0,0
22.0,79255.0,0,34000.0,17.58,0.43,4.0,691,1,0,0,0,0,1,0,0,1,1,0,0,0,0,0
24.0,13866.0,0,1500.0,7.29,0.11,3.0,600,0,0,1,0,0,0,0,1,0,0,0,0,1,0,1
22.0,97420.0,1,33950.0,14.54,0.35,4.0,691,1,1,1,0,0,0,0,0,1,0,0,0,1,0,0
24.0,82443.0,0,33000.0,12.68,0.4,3.0,654,1,0,0,0,1,0,0,0,1,0,1,0,0,0,0
21.0,14288.0,0,4575.0,17.74,0.32,3.0,626,1,0,0,0,0,0,0,0,0,0,0,0,0,1,0
23.0,14293.0,0,1400.0,9.32,0.1,3.0,607,0,1,0,0,1,0,0,1,0,0,0,0,1,0,0
24.0,79054.0,1,32500.0,9.99,0.41,3.0,700,1,0,1,0,0,0,0,0,1,0,1,0,0,0,0
21.0,14988.0,0,4000.0,12.84,0.27,2.0,553,1,0,1,0,0,0,1,0,0,1,0,0,0,0,0
21.0,14858.0,0,2000.0,11.12,0.13,3.0,589,1,1,0,0,1,0,0,1,0,0,0,1,0,0,0
25.0,144855.0,1,32000.0,6.62,0.22,2.0,586,0,1,1,0,0,0,0,0,1,0,0,0,0,1,1
26.0,114645.0,2,31050.0,14.17,0.27,3.0,681,1,1,1,0,0,0,0,0,1,0,1,0,0,0,0
25.0,368115.0,3,24250.0,13.85,0.07,3.0,567,0,0,0,0,1,0,0,0,1,0,0,0,0,0,1
26.0,361076.0,1,7800.0,13.49,0.02,4.0,669,0,0,0,0,0,0,0,0,0,0,0,1,0,0,0
21.0,15150.0,0,2500.0,7.51,0.17,4.0,600,1,1,0,0,0,0,0,1,0,1,0,0,0,0,0
22.0,58868.0,0,30000.0,18.39,0.51,2.0,606,1,0,1,0,0,0,0,0,1,1,0,0,0,0,0
24.0,78026.0,3,30000.0,14.54,0.38,3.0,582,1,1,0,0,1,0,0,0,1,0,0,0,0,0,0
25.0,90785.0,4,30000.0,16.89,0.33,4.0,649,1,1,1,0,0,0,0,0,1,0,1,0,0,0,0
23.0,86811.0,0,30000.0,11.01,0.35,4.0,602,1,0,0,0,1,0,0,0,1,0,0,0,0,0,0
26.0,75503.0,5,30000.0,17.99,0.4,2.0,616,1,1,1,0,0,0,0,0,1,0,0,1,0,0,0
24.0,15082.0,0,2500.0,12.69,0.17,3.0,631,1,0,0,0,1,0,0,1,0,0,0,0,0,1,0
26.0,361293.0,5,20000.0,7.88,0.06,4.0,684,0,1,1,0,0,0,0,0,0,0,0,0,0,1,1
23.0,361547.0,0,24250.0,19.41,0.07,2.0,637,0,1,0,0,1,0,0,1,0,1,0,0,0,0,1
26.0,360680.0,5,10000.0,10.38,0.03,4.0,649,0,1,0,0,0,1,0,1,0,0,1,0,0,0,0
26.0,360977.0,5,25000.0,15.33,0.07,3.0,695,0,1,1,0,0,0,0,0,0,1,0,0,0,0,1
25.0,361244.0,2,18000.0,16.45,0.05,3.0,620,0,0,1,0,0,0,0,0,0,0,1,0,0,0,0
26.0,98230.0,2,30000.0,7.49,0.31,3.0,622,1,1,1,0,0,0,0,0,1,0,0,0,1,0,0
22.0,80838.0,0,30000.0,12.69,0.37,3.0,645,1,0,0,0,1,0,0,0,1,0,0,1,0,0,0
26.0,107957.0,2,30000.0,6.62,0.28,3.0,654,1,1,0,0,0,1,0,0,1,0,0,0,0,0,0
24.0,94649.0,2,30000.0,11.01,0.32,4.0,624,1,0,1,0,0,0,0,0,1,0,0,0,0,0,0
23.0,94550.0,1,30000.0,18.62,0.32,3.0,570,1,1,0,0,1,0,0,0,1,0,0,0,0,0,0
23.0,111153.0,3,30000.0,15.23,0.27,3.0,648,1,1,1,0,0,0,0,0,1,0,0,0,1,0,0
23.0,117250.0,0,30000.0,10.65,0.26,2.0,652,1,0,0,0,0,0,0,0,1,0,0,0,0,1,0
25.0,144985.0,3,30000.0,7.9,0.21,4.0,559,0,1,1,0,0,0,0,0,1,1,0,0,0,0,0
26.0,337133.0,7,10000.0,15.96,0.03,3.0,623,0,1,0,0,1,0,0,0,1,0,0,0,1,0,1
26.0,333566.0,2,20000.0,11.48,0.06,3.0,602,0,1,0,0,0,0,0,0,1,0,0,0,0,1,1
23.0,333399.0,1,35000.0,11.01,0.1,4.0,609,0,1,1,0,0,0,0,1,0,0,0,0,1,0,0
25.0,154793.0,1,30000.0,7.29,0.19,4.0,573,0,1,0,0,0,1,0,0,1,0,0,0,1,0,1
24.0,15229.0,1,1750.0,11.01,0.11,3.0,631,0,1,0,0,0,0,0,1,0,0,0,0,0,1,1
21.0,158338.0,0,30000.0,5.99,0.19,4.0,623,0,0,1,0,0,0,0,0,1,0,0,0,0,1,1
22.0,331034.0,0,12000.0,11.58,0.04,2.0,602,0,0,1,0,0,0,0,1,0,0,0,0,0,1,1
26.0,316466.0,6,10000.0,11.01,0.03,4.0,579,1,0,0,0,1,0,0,0,0,1,0,0,0,0,0
25.0,267671.0,0,25000.0,15.7,0.09,2.0,582,1,0,0,0,0,0,0,0,0,0,0,1,0,0,0
22.0,85191.0,0,29100.0,15.99,0.34,3.0,700,1,1,0,0,0,1,0,0,1,1,0,0,0,0,0
22.0,15013.0,0,1500.0,14.84,0.1,3.0,688,0,1,0,0,0,0,0,0,0,1,0,0,0,0,0
26.0,313100.0,3,28000.0,10.99,0.09,3.0,607,0,1,1,0,0,0,0,1,0,0,1,0,0,0,1
25.0,311952.0,0,20000.0,14.42,0.06,2.0,661,0,0,1,0,0,0,0,0,0,0,1,0,0,0,1
24.0,306897.0,5,9600.0,6.99,0.03,2.0,562,0,1,0,0,1,0,0,0,0,1,0,0,0,0,1
25.0,301136.0,0,25000.0,13.49,0.08,4.0,664,0,0,1,0,0,0,0,0,1,0,0,1,0,0,1
25.0,15162.0,1,3000.0,11.01,0.2,3.0,564,1,1,0,0,1,0,0,1,0,0,0,1,0,0,0
22.0,69042.0,0,28000.0,11.01,0.41,2.0,598,1,1,0,0,0,0,0,0,1,0,0,1,0,0,0
21.0,15307.0,0,3000.0,13.61,0.2,3.0,557,1,0,0,0,1,0,0,1,0,1,0,0,0,0,0
23.0,79183.0,0,28000.0,7.9,0.35,2.0,677,1,0,0,0,0,0,0,0,1,1,0,0,0,0,0
26.0,102654.0,4,28000.0,7.49,0.27,3.0,690,1,1,1,0,0,0,0,0,1,0,0,0,0,1,0
26.0,15229.0,1,6100.0,7.51,0.4,3.0,599,1,1,0,0,0,0,0,1,0,1,0,0,0,0,0
22.0,106566.0,0,28000.0,9.91,0.26,3.0,604,1,1,0,0,1,0,0,0,1,0,0,0,0,1,0
21.0,15252.0,0,4200.0,13.48,0.28,4.0,663,1,0,1,0,0,0,0,1,0,0,0,0,1,0,0
22.0,15432.0,3,4750.0,7.14,0.31,2.0,601,1,1,1,0,0,0,0,1,0,0,0,0,0,0,0
24.0,100332.0,1,28000.0,15.99,0.28,4.0,634,1,1,0,0,1,0,0,0,1,0,0,0,0,1,0
24.0,300951.0,2,18000.0,12.98,0.06,3.0,671,0,1,1,0,0,0,0,0,1,1,0,0,0,0,0
144.0,300616.0,125,4800.0,13.57,0.02,3.0,789,0,1,1,0,0,0,0,0,1,0,0,0,0,1,0
25.0,121062.0,1,28000.0,12.69,0.23,3.0,622,0,0,1,0,0,0,0,0,1,0,0,0,0,0,0
26.0,133372.0,1,28000.0,8.9,0.21,2.0,538,0,1,0,0,0,0,0,0,1,1,0,0,0,0,1
26.0,15505.0,0,2700.0,11.01,0.17,4.0,587,1,1,1,0,0,0,0,1,0,0,0,0,0,0,0
22.0,130852.0,0,28000.0,11.01,0.21,4.0,683,1,1,0,0,0,1,0,0,1,1,0,0,0,0,0
23.0,182316.0,0,28000.0,11.11,0.15,2.0,634,0,1,0,0,0,0,0,0,1,0,0,0,0,0,1
24.0,83853.0,3,27600.0,11.01,0.33,2.0,690,1,0,1,0,0,0,0,0,1,0,1,0,0,0,0
21.0,15394.0,0,3250.0,15.68,0.21,3.0,518,1,0,1,0,0,0,0,0,0,0,0,0,0,0,0
22.0,85243.0,0,27500.0,13.06,0.32,3.0,583,1,0,1,0,0,0,0,0,1,1,0,0,0,0,0
22.0,288907.0,2,25000.0,11.01,0.09,2.0,617,0,1,0,0,0,0,0,1,0,0,0,0,1,0,1
26.0,89074.0,4,27050.0,15.62,0.3,2.0,668,1,1,0,0,0,0,0,0,1,0,0,0,0,1,0
24.0,100509.0,2,27000.0,13.49,0.27,2.0,673,1,1,0,0,0,1,0,0,1,0,0,0,1,0,0
24.0,88950.0,3,27000.0,11.01,0.3,3.0,706,1,1,0,0,1,0,0,0,1,0,0,0,0,1,0
23.0,75894.0,1,26000.0,11.71,0.34,2.0,536,1,0,0,0,1,0,0,0,1,0,0,1,0,0,0
23.0,145092.0,0,25600.0,12.69,0.18,3.0,557,0,1,0,0,0,0,0,0,1,1,0,0,0,0,1
24.0,15928.0,1,1600.0,13.57,0.1,3.0,689,0,0,1,0,0,0,0,1,0,0,0,1,0,0,1
22.0,73131.0,3,25475.0,10.99,0.35,3.0,681,1,1,1,0,0,0,0,0,1,0,0,0,0,1,0
25.0,281501.0,4,20000.0,14.27,0.07,4.0,623,0,1,0,0,0,1,0,0,0,0,0,1,0,0,1
24.0,281775.0,0,20000.0,8.88,0.07,4.0,595,0,0,0,0,0,0,0,1,0,0,1,0,0,0,1
26.0,281792.0,1,21600.0,12.18,0.08,3.0,584,0,1,1,0,0,0,0,0,0,0,1,0,0,0,1
25.0,266090.0,4,11900.0,14.42,0.04,3.0,669,1,1,1,0,0,0,0,0,0,0,0,0,0,0,0
26.0,279664.0,3,25000.0,14.17,0.09,2.0,642,0,1,0,0,1,0,0,0,0,0,0,1,0,0,1
25.0,277017.0,4,35000.0,13.99,0.13,4.0,622,0,0,0,0,1,0,0,0,0,0,0,1,0,0,1
23.0,100756.0,0,25300.0,10.99,0.25,3.0,689,1,1,0,0,0,0,0,0,1,1,0,0,0,0,0
22.0,16218.0,1,2000.0,5.42,0.12,4.0,614,1,1,0,0,1,0,0,0,0,0,0,0,1,0,0
25.0,16211.0,2,1750.0,13.61,0.11,3.0,597,0,0,1,0,0,0,0,1,0,0,0,0,1,0,1
21.0,51922.0,3,25000.0,12.73,0.48,3.0,673,1,0,1,0,0,0,0,0,1,1,0,0,0,0,0
24.0,50309.0,3,25000.0,11.01,0.5,3.0,625,1,1,0,0,0,0,0,0,1,0,1,0,0,0,0
25.0,16378.0,0,3000.0,12.87,0.18,4.0,603,1,1,0,0,1,0,0,1,0,0,0,0,0,0,0
24.0,16572.0,0,3650.0,9.91,0.22,3.0,589,1,1,1,0,0,0,0,0,0,0,1,0,0,0,0
26.0,272201.0,5,20000.0,11.49,0.07,4.0,670,0,1,0,0,0,1,0,0,0,0,1,0,0,0,1
25.0,271324.0,3,30000.0,19.91,0.11,2.0,637,0,0,1,0,0,0,0,0,0,0,1,0,0,0,1
26.0,256862.0,2,35000.0,10.65,0.14,2.0,643,1,1,0,0,0,0,0,0,0,1,0,0,0,0,0
24.0,271342.0,0,6000.0,11.01,0.02,4.0,508,0,1,0,0,1,0,0,0,1,0,0,1,0,0,1
24.0,16470.0,2,4500.0,11.83,0.27,4.0,643,1,1,0,0,1,0,0,0,0,0,0,0,0,0,0
23.0,16599.0,0,2400.0,13.49,0.14,2.0,505,1,1,0,0,1,0,0,1,0,0,0,0,0,0,0
22.0,51608.0,0,25000.0,14.59,0.48,2.0,593,1,1,1,0,0,0,0,0,1,0,0,1,0,0,0
26.0,58516.0,6,25000.0,9.64,0.43,4.0,686,1,0,0,0,0,1,0,0,1,1,0,0,0,0,0
25.0,16395.0,4,3600.0,14.59,0.22,3.0,646,1,0,0,0,0,0,0,1,0,0,0,1,0,0,0
22.0,16890.0,0,4750.0,11.01,0.28,3.0,645,1,0,1,0,0,0,0,1,0,1,0,0,0,0,0
25.0,51747.0,3,25000.0,16.35,0.48,3.0,697,1,0,0,0,0,0,0,0,1,1,0,0,0,0,0
21.0,59864.0,0,25000.0,10.99,0.42,2.0,648,1,1,0,0,1,0,0,0,1,1,0,0,0,0,0
25.0,270972.0,1,25000.0,18.67,0.09,2.0,640,0,1,0,0,0,1,0,0,0,0,0,0,0,1,1
26.0,270870.0,5,3000.0,9.32,0.01,4.0,681,0,1,1,0,0,0,0,0,1,1,0,0,0,0,0
23.0,270729.0,0,7500.0,8.63,0.03,2.0,646,0,0,0,0,0,0,0,0,1,0,0,0,0,0,0
26.0,270877.0,4,25000.0,10.08,0.09,2.0,615,0,1,1,0,0,0,0,0,0,0,0,0,0,1,1
22.0,60501.0,0,25000.0,11.83,0.41,3.0,687,1,1,0,0,0,0,0,0,1,0,0,0,1,0,0
23.0,60754.0,1,25000.0,7.9,0.41,3.0,650,1,1,0,0,1,0,0,0,1,0,0,0,0,0,0
25.0,60829.0,0,25000.0,5.99,0.41,2.0,588,1,1,1,0,0,0,0,0,1,0,1,0,0,0,0
24.0,53825.0,2,25000.0,15.33,0.46,2.0,652,1,1,1,0,0,0,0,0,1,0,0,0,0,0,0
23.0,60801.0,0,25000.0,11.83,0.41,4.0,658,1,1,0,0,1,0,0,0,1,0,0,0,0,1,0
22.0,60747.0,0,25000.0,10.36,0.41,2.0,634,1,1,0,0,1,0,0,0,1,0,0,0,0,1,0
22.0,61029.0,0,25000.0,12.23,0.41,3.0,623,1,0,0,0,1,0,0,0,1,0,0,0,0,1,0
22.0,63236.0,0,25000.0,11.11,0.4,4.0,635,1,0,0,0,0,0,0,0,1,1,0,0,0,0,0
23.0,17149.0,0,4950.0,7.9,0.29,4.0,531,1,0,1,0,0,0,0,1,0,0,0,0,0,0,0
24.0,265066.0,4,25000.0,11.58,0.09,2.0,665,0,0,0,0,0,1,0,0,0,1,0,0,0,0,1
23.0,260205.0,2,21000.0,8.9,0.08,3.0,703,0,1,0,0,0,0,0,0,0,0,0,0,0,0,0
25.0,260035.0,5,25000.0,16.07,0.1,3.0,585,0,0,0,0,0,0,0,0,0,1,0,0,0,0,1
26.0,260444.0,4,20000.0,14.22,0.08,2.0,594,0,0,1,0,0,0,0,0,0,1,0,0,0,0,0
23.0,258980.0,0,35000.0,14.79,0.14,3.0,618,0,1,1,0,0,0,0,0,0,0,0,1,0,0,1
26.0,259081.0,2,12000.0,7.88,0.05,2.0,626,0,1,0,0,1,0,0,0,0,1,0,0,0,0,1
23.0,63497.0,0,25000.0,13.22,0.39,2.0,695,1,1,0,0,1,0,0,0,1,0,0,0,1,0,0
26.0,56325.0,2,25000.0,11.86,0.44,4.0,690,1,0,0,1,0,0,0,0,1,0,0,0,0,0,0
22.0,64842.0,0,25000.0,13.43,0.39,4.0,574,1,1,1,0,0,0,0,0,1,1,0,0,0,0,0
26.0,57856.0,0,25000.0,15.28,0.43,2.0,602,1,0,0,0,1,0,0,0,1,0,1,0,0,0,0
23.0,57318.0,0,25000.0,17.93,0.44,2.0,679,1,1,0,0,0,0,0,0,1,0,0,0,0,1,0
23.0,16916.0,2,1400.0,9.25,0.08,4.0,615,0,0,0,0,1,0,0,0,0,1,0,0,0,0,0
21.0,16664.0,0,4500.0,12.98,0.27,4.0,601,1,1,0,0,0,1,0,1,0,0,0,0,0,1,0
22.0,252803.0,0,16000.0,10.62,0.06,4.0,577,0,1,0,0,0,0,0,0,0,0,0,0,0,1,1
26.0,253061.0,3,22000.0,11.83,0.09,4.0,588,0,0,0,0,0,0,0,1,0,0,0,0,1,0,1
26.0,58602.0,8,25000.0,18.43,0.43,2.0,595,1,1,1,0,0,0,0,0,1,0,0,0,0,1,0
22.0,67012.0,2,25000.0,11.01,0.37,4.0,653,1,1,0,0,1,0,0,0,1,1,0,0,0,0,0
24.0,66643.0,3,25000.0,11.01,0.38,4.0,663,1,0,0,0,0,1,0,0,1,0,1,0,0,0,0
23.0,66599.0,0,25000.0,11.36,0.38,3.0,653,1,1,1,0,0,0,0,0,1,1,0,0,0,0,0
23.0,67212.0,2,25000.0,15.65,0.37,3.0,598,1,1,0,0,0,0,0,0,1,1,0,0,0,0,0
24.0,66918.0,1,25000.0,13.22,0.37,4.0,630,1,0,0,0,1,0,0,0,1,0,0,0,1,0,0
26.0,68066.0,2,25000.0,12.87,0.37,2.0,637,1,1,0,0,0,0,0,0,1,0,0,0,0,0,0
24.0,245545.0,1,20000.0,13.04,0.08,3.0,660,0,1,0,0,0,0,0,1,0,0,0,1,0,0,1
23.0,229083.0,0,22000.0,17.58,0.1,3.0,639,1,1,0,0,0,0,0,0,0,1,0,0,0,0,0
23.0,17859.0,0,7750.0,17.04,0.43,4.0,626,1,1,0,0,1,0,0,1,0,0,0,0,1,0,0
24.0,72608.0,3,25000.0,10.99,0.34,3.0,612,1,0,0,0,0,0,0,0,1,0,0,0,1,0,0
24.0,73073.0,1,25000.0,11.11,0.34,3.0,628,1,1,1,0,0,0,0,0,1,0,0,0,1,0,0
26.0,65880.0,2,25000.0,14.83,0.38,2.0,592,1,0,0,0,0,1,0,0,1,0,0,0,0,0,0
23.0,17755.0,1,4000.0,11.01,0.23,3.0,580,1,1,0,0,1,0,0,1,0,0,0,0,0,0,0
24.0,241180.0,3,12000.0,12.69,0.05,2.0,634,0,1,1,0,0,0,0,0,1,0,0,1,0,0,0
24.0,240894.0,3,12000.0,13.49,0.05,2.0,678,0,1,0,0,0,0,0,0,0,0,1,0,0,0,0
21.0,240980.0,0,16000.0,14.65,0.07,4.0,557,0,1,0,0,1,0,0,0,0,1,0,0,0,0,1
25.0,65742.0,3,25000.0,16.82,0.38,4.0,672,1,1,1,0,0,0,0,0,1,0,1,0,0,0,0
23.0,72713.0,0,25000.0,12.73,0.34,3.0,613,1,1,1,0,0,0,0,0,1,0,0,0,1,0,0
23.0,72627.0,3,25000.0,10.25,0.34,4.0,566,1,1,0,0,1,0,0,0,1,0,0,0,1,0,0
21.0,72843.0,0,25000.0,10.99,0.34,4.0,718,1,1,0,0,0,0,0,0,1,1,0,0,0,0,0
25.0,75504.0,4,25000.0,12.73,0.33,2.0,484,1,1,0,0,1,0,0,0,1,0,0,1,0,0,0
22.0,68824.0,0,25000.0,14.96,0.36,3.0,634,1,0,0,0,1,0,0,0,1,0,1,0,0,0,0
23.0,241167.0,2,28000.0,11.01,0.12,2.0,653,0,0,1,0,0,0,0,0,0,1,0,0,0,0,1
21.0,241060.0,0,25000.0,13.99,0.1,2.0,699,0,1,1,0,0,0,0,0,0,0,0,0,0,0,0
24.0,240855.0,0,24000.0,7.49,0.1,4.0,656,0,1,0,0,1,0,0,0,0,0,0,0,0,1,1
26.0,241030.0,3,15000.0,14.79,0.06,3.0,626,0,1,0,0,1,0,0,0,0,1,0,0,0,0,1
25.0,240895.0,2,15500.0,11.99,0.06,2.0,659,0,1,0,0,1,0,0,0,0,0,0,0,0,0,0
24.0,240932.0,4,10000.0,8.49,0.04,4.0,604,0,0,0,0,1,0,0,0,1,1,0,0,0,0,1
24.0,80145.0,1,25000.0,9.91,0.31,2.0,636,1,1,0,0,0,0,0,0,1,1,0,0,0,0,0
22.0,80303.0,0,25000.0,13.06,0.31,3.0,554,1,1,0,0,0,1,0,0,1,1,0,0,0,0,0
22.0,241048.0,0,9000.0,6.17,0.04,4.0,587,0,1,0,0,1,0,0,0,0,0,0,0,0,0,1
144.0,241424.0,121,6000.0,11.86,0.02,2.0,807,0,1,0,0,0,0,0,0,0,1,0,0,0,0,0
25.0,241005.0,4,18000.0,16.32,0.07,3.0,708,0,1,1,0,0,0,0,0,1,1,0,0,0,0,1
25.0,240768.0,2,12000.0,10.38,0.05,2.0,669,0,0,0,0,0,1,0,0,0,0,0,0,0,1,1
25.0,241201.0,2,23050.0,14.35,0.1,3.0,578,0,1,0,0,0,0,0,0,0,0,0,0,1,0,0
24.0,240920.0,5,20000.0,11.01,0.08,3.0,615,0,1,1,0,0,0,0,0,0,0,0,0,0,0,0
24.0,72919.0,1,25000.0,11.01,0.34,2.0,553,1,0,0,0,0,1,0,0,1,0,0,0,0,0,0
21.0,18008.0,0,3000.0,11.01,0.17,4.0,635,1,1,0,0,0,1,0,1,0,0,1,0,0,0,0
26.0,81238.0,3,25000.0,15.21,0.31,2.0,531,1,0,0,0,0,0,0,0,1,0,0,0,1,0,0
23.0,80868.0,1,25000.0,7.9,0.31,4.0,621,1,1,0,0,1,0,0,0,1,1,0,0,0,0,0
24.0,81537.0,1,25000.0,10.99,0.31,3.0,674,1,1,1,0,0,0,0,0,1,0,0,0,0,1,0
24.0,82741.0,0,25000.0,14.09,0.3,3.0,688,1,0,0,0,0,0,0,0,1,0,0,0,1,0,0
25.0,83901.0,3,25000.0,17.49,0.3,2.0,597,1,0,0,0,1,0,0,0,1,0,0,0,1,0,0
25.0,240717.0,1,12000.0,11.48,0.05,3.0,640,0,1,0,0,0,0,0,0,0,1,0,0,0,0,0
26.0,226744.0,0,20000.0,17.74,0.09,2.0,621,1,0,0,0,0,0,0,0,0,0,0,0,0,1,0
26.0,241114.0,5,3000.0,13.92,0.01,3.0,608,0,0,1,0,0,0,0,0,0,0,0,0,1,0,1
25.0,85284.0,3,25000.0,15.21,0.29,3.0,653,1,1,1,0,0,0,0,0,1,1,0,0,0,0,0
22.0,18152.0,0,4000.0,10.99,0.22,3.0,585,1,0,1,0,0,0,0,1,0,0,0,1,0,0,0
24.0,84871.0,3,25000.0,11.86,0.29,4.0,569,1,0,0,0,1,0,0,0,1,1,0,0,0,0,0
24.0,18294.0,2,6000.0,7.49,0.33,3.0,587,1,1,1,0,0,0,0,1,0,0,0,0,1,0,0
24.0,68029.0,1,25000.0,16.49,0.37,4.0,631,1,1,1,0,0,0,0,0,1,0,0,1,0,0,0
25.0,80001.0,4,25000.0,15.33,0.31,2.0,592,1,0,0,0,1,0,0,0,1,0,0,0,0,1,0
26.0,79875.0,6,25000.0,11.58,0.31,4.0,679,1,0,0,0,1,0,0,0,1,0,1,0,0,0,0
25.0,18449.0,1,5375.0,5.79,0.29,2.0,645,1,1,0,0,1,0,0,1,0,1,0,0,0,0,0
25.0,88153.0,0,25000.0,13.11,0.28,2.0,669,1,1,0,0,0,0,0,0,1,0,0,1,0,0,0
23.0,90109.0,0,25000.0,10.36,0.28,3.0,653,1,0,1,0,0,0,0,0,1,0,0,1,0,0,0
25.0,90938.0,1,25000.0,10.36,0.27,2.0,577,1,1,1,0,0,0,0,0,1,0,0,0,0,0,0
24.0,231335.0,0,22000.0,11.01,0.1,2.0,668,0,1,0,0,1,0,0,0,1,0,0,1,0,0,1
21.0,231829.0,0,20000.0,6.54,0.09,4.0,629,0,1,1,0,0,0,0,0,0,0,0,0,0,1,0
25.0,230516.0,4,10000.0,12.53,0.04,4.0,643,0,0,0,0,0,0,0,0,0,0,0,1,0,0,0
26.0,229626.0,0,15000.0,11.01,0.07,3.0,626,0,1,1,0,0,0,0,0,0,0,0,0,1,0,0
22.0,228907.0,0,10000.0,11.01,0.04,3.0,560,0,1,1,0,0,0,0,0,0,0,0,0,0,1,1
24.0,90938.0,0,25000.0,10.25,0.27,4.0,648,1,1,1,0,0,0,0,0,1,1,0,0,0,0,0
22.0,86284.0,0,25000.0,15.95,0.29,4.0,648,1,1,0,0,0,0,0,0,1,1,0,0,0,0,0
26.0,228774.0,3,20000.0,12.18,0.09,4.0,669,0,1,0,0,0,0,0,0,0,0,0,0,0,1,1
23.0,229027.0,2,24000.0,11.83,0.1,3.0,536,0,1,0,0,1,0,0,1,0,0,0,0,1,0,1
23.0,94789.0,1,25000.0,11.01,0.26,2.0,548,1,1,0,0,1,0,0,0,1,0,0,0,0,0,0
23.0,94780.0,0,25000.0,10.62,0.26,3.0,667,1,0,0,0,0,1,0,0,1,0,0,0,0,1,0
23.0,95298.0,0,25000.0,10.74,0.26,3.0,676,1,1,0,0,1,0,0,0,1,0,0,0,0,1,0
25.0,223944.0,1,10000.0,10.25,0.04,4.0,570,0,1,0,0,0,0,0,1,0,0,0,0,0,1,1
24.0,222629.0,0,35000.0,12.42,0.16,2.0,623,0,1,0,0,1,0,0,0,0,1,0,0,0,0,0
25.0,222973.0,2,15000.0,15.27,0.07,2.0,652,0,0,1,0,0,0,0,0,1,0,0,0,0,1,1
24.0,75240.0,1,25000.0,15.33,0.33,2.0,625,1,0,0,0,1,0,0,0,1,0,0,1,0,0,0
23.0,96143.0,1,25000.0,15.21,0.26,2.0,642,1,0,0,0,1,0,0,0,1,0,0,0,0,1,0
21.0,18064.0,0,6250.0,14.72,0.35,2.0,580,1,1,1,0,0,0,0,1,0,0,0,0,0,1,0
24.0,96627.0,2,25000.0,15.7,0.26,2.0,622,1,1,0,0,0,0,0,0,1,0,0,0,1,0,0
24.0,96309.0,3,25000.0,13.35,0.26,4.0,581,1,1,1,0,0,0,0,0,1,1,0,0,0,0,0
21.0,18421.0,1,1500.0,11.01,0.08,4.0,623,0,0,0,0,1,0,0,0,0,0,0,1,0,0,0
24.0,96836.0,1,25000.0,6.62,0.26,2.0,583,1,1,0,0,0,1,0,0,1,1,0,0,0,0,0
26.0,96947.0,4,25000.0,13.61,0.26,4.0,645,1,1,1,0,0,0,0,0,1,0,0,0,0,0,0
22.0,222975.0,2,25000.0,11.36,0.11,2.0,593,0,0,0,0,0,0,0,0,1,0,0,1,0,0,1
26.0,222985.0,3,5000.0,7.68,0.02,2.0,659,0,1,0,0,0,0,0,1,0,0,0,0,1,0,1
24.0,223064.0,0,22000.0,14.46,0.1,4.0,655,0,0,1,0,0,0,0,0,1,0,1,0,0,0,1
23.0,221559.0,2,2500.0,11.83,0.01,2.0,583,0,1,0,0,0,0,0,1,0,1,0,0,0,0,1
24.0,207712.0,0,20000.0,13.47,0.1,4.0,582,1,0,0,0,0,0,0,0,0,0,0,0,0,0,0
24.0,220872.0,1,20000.0,11.49,0.09,3.0,504,0,0,1,0,0,0,0,0,0,0,0,1,0,0,1
22.0,220518.0,0,1000.0,11.01,0.0,2.0,551,0,1,0,0,1,0,0,0,0,1,0,0,0,0,1
25.0,220510.0,1,15000.0,6.03,0.07,3.0,529,0,0,0,0,0,0,0,0,0,0,0,0,1,0,1
23.0,89818.0,0,25000.0,16.35,0.28,4.0,674,1,0,1,0,0,0,0,0,1,0,0,0,0,0,0
26.0,90006.0,4,25000.0,11.01,0.28,4.0,595,1,0,0,0,1,0,0,0,1,0,0,0,0,0,0
25.0,98704.0,6,25000.0,7.29,0.25,3.0,597,1,0,0,0,1,0,0,0,1,0,0,0,0,0,0
23.0,98967.0,5,25000.0,11.36,0.25,3.0,566,1,1,0,0,1,0,0,0,1,0,0,1,0,0,0
24.0,99435.0,3,25000.0,10.25,0.25,2.0,666,0,1,0,0,1,0,0,0,1,0,0,0,0,1,0
24.0,100658.0,1,25000.0,11.12,0.25,3.0,695,0,0,1,0,0,0,0,0,1,1,0,0,0,0,0
24.0,100435.0,2,25000.0,12.92,0.25,3.0,576,0,0,1,0,0,0,0,0,1,0,0,0,1,0,1
24.0,216925.0,5,18000.0,18.64,0.08,4.0,651,0,1,0,0,1,0,0,0,1,1,0,0,0,0,1
23.0,216891.0,0,28000.0,7.51,0.13,3.0,633,0,0,1,0,0,0,0,0,0,0,0,0,1,0,1
23.0,18512.0,1,4000.0,16.7,0.22,2.0,566,1,1,0,0,0,1,0,1,0,0,1,0,0,0,0
22.0,18367.0,0,2100.0,11.14,0.11,4.0,583,0,1,0,0,0,1,0,1,0,0,0,0,1,0,0
22.0,102317.0,0,25000.0,18.3,0.24,4.0,586,0,0,0,0,0,0,0,0,1,0,0,0,1,0,1
24.0,103400.0,4,25000.0,10.62,0.24,4.0,592,0,0,0,0,0,0,0,0,1,0,0,1,0,0,1
24.0,217134.0,2,14000.0,11.99,0.06,2.0,598,0,1,1,0,0,0,0,0,0,0,0,0,0,1,1
26.0,217024.0,1,12000.0,9.63,0.06,4.0,637,0,1,0,0,0,1,0,0,0,0,0,0,0,1,1
25.0,172215.0,5,10000.0,18.25,0.06,4.0,628,1,0,0,0,1,0,0,0,0,0,0,1,0,0,0
23.0,18831.0,0,6000.0,11.01,0.32,4.0,667,1,1,0,0,0,1,0,0,0,0,0,0,0,0,0
24.0,105349.0,5,25000.0,14.84,0.24,3.0,621,0,1,0,0,0,0,0,0,1,0,1,0,0,0,1
24.0,91184.0,1,25000.0,14.7,0.27,3.0,668,1,1,1,0,0,0,0,0,1,0,0,0,0,1,0
23.0,91886.0,1,25000.0,16.02,0.27,4.0,544,1,0,0,0,1,0,0,0,1,0,0,0,0,0,0
23.0,80452.0,2,25000.0,15.37,0.31,2.0,699,1,1,0,0,0,0,0,0,1,0,0,1,0,0,0
25.0,108758.0,2,25000.0,10.99,0.23,4.0,611,0,0,1,0,0,0,0,0,1,0,0,1,0,0,0
21.0,18916.0,0,6200.0,7.9,0.33,2.0,615,1,1,0,0,0,0,0,1,0,0,1,0,0,0,0
26.0,217234.0,5,25000.0,10.99,0.12,4.0,559,0,0,0,0,1,0,0,1,0,0,0,0,1,0,1
24.0,217017.0,0,21000.0,11.48,0.1,3.0,577,0,0,0,0,1,0,0,1,0,1,0,0,0,0,1
25.0,216874.0,1,20000.0,14.26,0.09,4.0,657,0,1,0,0,1,0,0,1,0,0,0,1,0,0,1
26.0,216833.0,5,10000.0,8.0,0.05,4.0,676,0,1,0,0,0,0,0,1,0,0,1,0,0,0,1
25.0,216483.0,0,9950.0,11.26,0.05,2.0,601,0,1,1,0,0,0,0,0,0,0,0,0,0,1,0
23.0,19000.0,2,4475.0,11.01,0.24,4.0,647,1,0,0,0,0,1,0,1,0,0,0,1,0,0,0
23.0,94363.0,0,25000.0,16.32,0.26,3.0,576,1,0,0,0,0,1,0,0,1,0,0,0,0,1,0
25.0,80570.0,3,25000.0,17.93,0.31,4.0,612,1,1,0,0,0,1,0,0,1,0,0,1,0,0,0
23.0,109167.0,0,25000.0,11.36,0.23,3.0,678,0,1,1,0,0,0,0,0,1,0,0,0,0,0,0
24.0,95753.0,1,25000.0,14.96,0.26,4.0,542,1,0,0,0,0,0,0,0,1,0,0,0,0,0,0
24.0,110935.0,1,25000.0,13.43,0.23,3.0,709,0,0,0,0,0,0,0,0,1,0,0,0,1,0,1
25.0,111490.0,2,25000.0,12.69,0.22,3.0,622,0,1,0,0,0,0,0,0,1,0,1,0,0,0,1
24.0,111729.0,4,25000.0,12.73,0.22,4.0,642,0,1,0,0,0,0,0,0,1,0,0,0,0,1,1
23.0,113396.0,0,25000.0,15.21,0.22,4.0,660,0,0,0,0,1,0,0,0,1,0,0,0,0,1,0
23.0,19175.0,1,1750.0,12.68,0.09,3.0,587,0,0,1,0,0,0,0,0,0,0,0,1,0,0,1
23.0,85787.0,0,25000.0,19.04,0.29,4.0,646,1,0,0,0,1,0,0,0,1,0,0,1,0,0,0
25.0,102114.0,7,25000.0,15.95,0.24,3.0,637,1,0,0,0,0,1,0,0,1,0,0,0,0,0,0
26.0,211005.0,5,2600.0,8.9,0.01,4.0,718,0,1,1,0,0,0,0,0,0,0,0,0,0,1,0
25.0,210903.0,4,8000.0,7.9,0.04,2.0,588,0,1,0,0,0,1,0,0,0,0,1,0,0,0,1
22.0,210555.0,0,18000.0,11.01,0.09,2.0,652,0,1,0,0,0,0,0,0,0,1,0,0,0,0,0
23.0,210937.0,0,21000.0,11.99,0.1,3.0,620,0,1,1,0,0,0,0,0,0,0,0,0,1,0,1
23.0,19062.0,2,4000.0,13.98,0.21,4.0,667,1,1,0,0,1,0,0,1,0,0,0,0,0,0,0
23.0,18926.0,0,4600.0,10.99,0.24,2.0,688,1,0,0,0,0,0,0,1,0,0,0,0,0,1,0
22.0,106694.0,0,25000.0,15.58,0.23,2.0,667,1,1,0,0,0,0,0,0,1,0,0,0,0,0,0
25.0,90718.0,4,25000.0,10.99,0.28,2.0,692,1,1,0,0,0,1,0,0,1,0,0,1,0,0,0
25.0,106668.0,1,25000.0,14.96,0.23,4.0,562,1,1,1,0,0,0,0,0,1,0,0,0,0,1,0
25.0,19158.0,4,1750.0,15.31,0.09,4.0,625,0,1,0,0,1,0,0,1,0,0,1,0,0,0,1
26.0,106419.0,5,25000.0,15.65,0.23,3.0,649,1,1,0,0,1,0,0,0,1,0,0,0,0,1,0
25.0,120696.0,3,25000.0,9.33,0.21,4.0,545,0,0,0,0,1,0,0,0,1,0,0,0,0,1,1
23.0,19065.0,3,3600.0,13.47,0.19,4.0,540,1,1,0,0,1,0,0,0,0,0,0,0,1,0,0
24.0,124083.0,0,25000.0,10.36,0.2,3.0,637,0,0,0,0,0,0,0,0,1,0,0,0,1,0,1
24.0,111673.0,4,25000.0,16.77,0.22,4.0,600,1,1,0,0,0,0,0,0,1,0,1,0,0,0,0
23.0,112633.0,1,25000.0,14.59,0.22,2.0,633,1,1,0,0,1,0,0,0,1,0,0,0,0,0,0
22.0,210938.0,0,3500.0,11.91,0.02,2.0,588,0,1,0,0,1,0,0,0,1,0,0,0,0,1,0
23.0,210720.0,2,7200.0,8.38,0.03,3.0,624,0,0,0,0,0,0,0,0,0,1,0,0,0,0,1
25.0,210705.0,7,9000.0,10.59,0.04,3.0,525,0,1,0,0,1,0,0,0,1,0,0,0,0,1,1
25.0,209997.0,3,8800.0,14.27,0.04,3.0,616,0,1,0,0,1,0,0,0,0,0,0,0,0,0,1
26.0,209873.0,3,12000.0,12.53,0.06,4.0,675,0,0,0,0,0,1,0,0,1,0,0,0,0,0,0
25.0,195268.0,1,25000.0,16.0,0.13,3.0,662,1,0,0,0,0,0,0,0,0,0,0,0,0,0,0
26.0,209393.0,2,10000.0,11.71,0.05,4.0,585,0,1,0,0,0,1,0,0,0,0,0,0,0,1,1
21.0,18773.0,0,3175.0,11.54,0.17,3.0,686,1,1,0,0,0,1,0,1,0,0,1,0,0,0,0
25.0,116439.0,2,25000.0,15.68,0.21,4.0,595,1,0,1,0,0,0,0,0,1,0,1,0,0,0,0
21.0,19169.0,2,1500.0,10.59,0.08,2.0,537,0,0,0,0,0,0,0,0,0,1,0,0,0,0,1
24.0,118417.0,0,25000.0,12.61,0.21,2.0,625,1,0,0,0,1,0,0,0,1,0,1,0,0,0,0
26.0,133476.0,0,25000.0,11.01,0.19,2.0,641,0,0,0,0,1,0,0,0,1,0,0,0,1,0,1
23.0,19312.0,4,2800.0,8.49,0.14,3.0,661,1,0,0,0,0,0,0,0,0,0,0,0,1,0,0
25.0,192351.0,1,30000.0,17.27,0.16,4.0,577,1,1,0,0,1,0,0,0,1,0,0,0,1,0,0
24.0,206648.0,4,18000.0,8.9,0.09,4.0,537,0,1,1,0,0,0,0,0,1,0,0,0,0,0,1
25.0,205046.0,6,10000.0,11.11,0.05,4.0,646,0,0,0,0,1,0,0,0,0,0,0,1,0,0,1
24.0,190735.0,1,25000.0,14.59,0.13,2.0,653,1,1,0,0,1,0,0,0,1,0,1,0,0,0,0
26.0,204872.0,3,13000.0,12.42,0.06,3.0,654,0,0,0,0,0,0,0,0,1,0,0,0,0,1,0
24.0,100758.0,0,25000.0,11.01,0.25,2.0,635,1,1,0,0,0,0,0,0,1,0,0,1,0,0,0
24.0,133231.0,3,25000.0,15.7,0.19,2.0,675,0,0,0,0,0,1,0,0,1,0,1,0,0,0,1
22.0,18923.0,0,2500.0,12.53,0.13,3.0,618,1,0,0,0,0,1,0,1,0,0,1,0,0,0,0
25.0,161894.0,0,5000.0,16.49,0.03,2.0,609,1,0,0,0,0,1,0,0,1,0,0,1,0,0,0
25.0,205144.0,0,20000.0,7.49,0.1,2.0,545,0,0,1,0,0,0,0,0,0,1,0,0,0,0,1
22.0,121617.0,2,25000.0,14.96,0.21,2.0,629,1,0,0,0,1,0,0,0,1,0,0,0,0,0,0
25.0,136206.0,6,25000.0,12.73,0.18,4.0,539,0,1,0,0,0,0,0,0,1,0,0,1,0,0,0
24.0,144915.0,4,25000.0,10.65,0.17,4.0,593,0,1,0,0,0,1,0,0,1,1,0,0,0,0,1
25.0,145233.0,3,25000.0,10.74,0.17,2.0,683,0,0,0,0,1,0,0,0,1,0,0,1,0,0,0
23.0,145002.0,1,25000.0,9.99,0.17,2.0,670,0,1,1,0,0,0,0,0,1,1,0,0,0,0,1
24.0,110953.0,0,25000.0,15.33,0.23,2.0,662,1,1,0,0,0,1,0,0,1,0,0,1,0,0,0
21.0,19414.0,2,1000.0,7.29,0.05,4.0,681,0,0,0,0,1,0,0,1,0,0,0,0,0,1,1
26.0,130096.0,1,25000.0,15.05,0.19,3.0,636,1,1,0,0,1,0,0,0,1,0,0,0,1,0,0
26.0,157292.0,0,25000.0,10.75,0.16,3.0,677,0,1,0,0,0,1,0,0,1,0,0,0,1,0,1
23.0,156995.0,3,25000.0,16.02,0.16,2.0,656,0,0,1,0,0,0,0,0,1,1,0,0,0,0,1
23.0,156952.0,0,25000.0,11.49,0.16,4.0,674,0,0,0,0,0,0,0,0,1,0,0,0,0,1,1
25.0,205005.0,6,20000.0,12.53,0.1,4.0,587,0,0,0,0,0,0,0,1,0,1,0,0,0,0,0
26.0,205060.0,2,12000.0,13.57,0.06,2.0,658,0,0,1,0,0,0,0,0,0,0,0,0,0,1,0
22.0,203782.0,4,14000.0,11.14,0.07,3.0,581,0,1,0,0,1,0,0,0,1,0,0,0,1,0,1
26.0,203368.0,3,24250.0,12.87,0.12,3.0,606,0,1,0,0,1,0,0,0,1,0,0,1,0,0,1
23.0,203403.0,0,20000.0,11.58,0.1,3.0,648,0,0,0,0,0,0,0,0,1,1,0,0,0,0,0
24.0,202715.0,3,1800.0,11.12,0.01,3.0,563,0,0,0,0,0,0,0,0,1,0,1,0,0,0,1
25.0,202525.0,1,35000.0,10.65,0.17,2.0,589,0,0,0,0,0,1,0,0,0,0,0,0,1,0,1
24.0,161487.0,1,25000.0,10.37,0.15,2.0,641,0,1,0,0,0,0,0,0,1,0,0,0,0,0,0
24.0,19677.0,3,3300.0,6.39,0.17,4.0,637,1,1,0,0,0,0,0,1,0,0,1,0,0,0,0
24.0,161952.0,2,25000.0,16.07,0.15,3.0,578,0,1,0,0,1,0,0,0,1,0,0,0,1,0,1
25.0,161560.0,0,25000.0,10.62,0.15,2.0,660,0,0,1,0,0,0,0,0,1,0,0,1,0,0,1
25.0,19423.0,3,3200.0,18.09,0.16,2.0,586,1,1,0,0,1,0,0,1,0,0,0,0,0,1,0
25.0,163134.0,5,25000.0,11.36,0.15,4.0,567,0,1,0,0,0,0,0,0,1,1,0,0,0,0,1
26.0,163683.0,5,25000.0,12.53,0.15,4.0,582,0,0,1,0,0,0,0,0,1,0,0,0,0,0,1
25.0,174972.0,3,25000.0,9.99,0.14,4.0,712,0,0,1,0,0,0,0,0,1,1,0,0,0,0,1
23.0,181016.0,4,25000.0,10.36,0.14,3.0,674,0,1,0,0,1,0,0,0,1,1,0,0,0,0,0
23.0,198920.0,0,9600.0,5.99,0.05,3.0,532,0,0,0,0,0,1,0,0,0,1,0,0,0,0,1
22.0,184800.0,1,24000.0,15.62,0.13,2.0,670,1,0,0,0,0,1,0,0,0,0,0,0,0,0,0
24.0,198862.0,6,20000.0,10.37,0.1,4.0,658,0,1,0,0,0,1,0,0,0,0,0,0,1,0,0
25.0,199407.0,0,25000.0,19.74,0.13,4.0,669,0,1,0,0,0,0,0,0,0,0,1,0,0,0,0
21.0,198803.0,0,20000.0,6.91,0.1,4.0,681,0,1,1,0,0,0,0,0,0,1,0,0,0,0,1
23.0,20044.0,3,6000.0,7.9,0.3,2.0,618,1,1,0,0,0,0,0,1,0,0,0,1,0,0,0
23.0,20401.0,4,2275.0,13.06,0.11,4.0,573,0,0,1,0,0,0,0,0,0,0,0,0,0,0,1
23.0,19859.0,0,2000.0,6.39,0.1,3.0,491,0,0,0,0,1,0,0,1,0,0,0,0,1,0,1
23.0,178660.0,2,25000.0,14.93,0.14,3.0,590,1,1,0,0,0,1,0,0,1,0,0,0,0,0,0
23.0,20421.0,0,5600.0,12.84,0.27,4.0,587,1,0,0,0,1,0,0,0,0,0,0,1,0,0,0
24.0,20353.0,2,3625.0,17.14,0.18,2.0,648,1,1,0,0,0,1,0,1,0,0,0,0,0,1,0
22.0,20297.0,0,5500.0,7.14,0.27,3.0,687,1,1,0,0,0,1,0,0,0,0,0,0,0,1,0
25.0,210932.0,0,25000.0,8.9,0.12,2.0,621,0,1,1,0,0,0,0,0,1,0,0,0,1,0,0
22.0,20405.0,0,2000.0,12.42,0.1,3.0,590,0,0,0,0,1,0,0,1,0,0,0,0,1,0,1
24.0,223194.0,0,25000.0,12.68,0.11,2.0,676,0,1,0,0,0,0,0,0,1,0,1,0,0,0,1
25.0,195560.0,0,25000.0,11.03,0.13,2.0,677,0,0,0,0,0,0,0,0,1,0,0,0,1,0,1
26.0,194140.0,6,30000.0,7.9,0.15,4.0,651,0,1,1,0,0,0,0,0,1,0,0,0,0,1,1
22.0,193337.0,0,35000.0,10.65,0.18,4.0,602,0,1,0,0,1,0,0,0,0,0,0,1,0,0,1
25.0,270992.0,2,25000.0,11.86,0.09,4.0,652,0,1,0,0,1,0,0,0,1,0,0,0,0,1,0
25.0,20221.0,5,5000.0,8.94,0.25,4.0,572,1,1,0,0,0,0,0,1,0,0,0,0,1,0,0
23.0,20678.0,0,4375.0,9.63,0.21,4.0,528,1,1,1,0,0,0,0,1,0,0,0,0,0,1,0
25.0,60742.0,3,24750.0,14.22,0.41,3.0,638,1,0,0,0,1,0,0,0,1,0,0,0,1,0,0
23.0,72805.0,2,24750.0,9.33,0.34,3.0,655,1,0,0,0,1,0,0,0,1,0,0,0,0,0,0
24.0,102011.0,3,24500.0,13.85,0.24,4.0,627,0,1,0,0,0,1,0,0,1,0,0,1,0,0,1
22.0,20896.0,0,2000.0,10.65,0.1,2.0,596,0,1,0,0,1,0,0,0,0,1,0,0,0,0,0
24.0,111283.0,0,24500.0,11.46,0.22,4.0,694,0,0,1,0,0,0,0,0,1,0,0,1,0,0,0
23.0,192873.0,0,35000.0,7.66,0.18,2.0,684,0,0,0,0,0,0,0,0,0,0,0,0,1,0,1
24.0,193174.0,0,12000.0,16.77,0.06,4.0,547,0,0,1,0,0,0,0,0,0,0,0,0,0,1,0
25.0,193249.0,0,12000.0,9.63,0.06,4.0,586,0,0,1,0,0,0,0,0,0,0,0,0,1,0,1
26.0,192954.0,5,25000.0,12.23,0.13,4.0,694,0,0,1,0,0,0,0,0,1,0,0,0,1,0,0
25.0,152227.0,2,10000.0,14.09,0.07,4.0,639,1,1,0,0,0,1,0,0,0,0,0,1,0,0,0
25.0,65399.0,0,24250.0,13.98,0.37,4.0,663,1,0,1,0,0,0,0,0,1,0,0,0,1,0,0
23.0,75928.0,4,24250.0,10.62,0.32,4.0,528,1,0,0,0,1,0,0,0,1,1,0,0,0,0,0
24.0,21627.0,0,3900.0,11.01,0.18,3.0,636,1,1,1,0,0,0,0,0,0,0,0,0,0,0,0
25.0,83235.0,3,24250.0,17.56,0.29,4.0,603,1,1,0,0,1,0,0,0,1,0,0,0,1,0,0
26.0,68297.0,3,24250.0,14.96,0.36,2.0,507,1,1,0,0,1,0,0,0,1,0,0,1,0,0,0
22.0,89977.0,3,24250.0,15.65,0.27,2.0,692,1,1,0,0,0,1,0,0,1,0,0,0,0,0,0
24.0,79510.0,2,24250.0,15.7,0.3,2.0,604,1,0,0,0,0,0,0,0,1,0,0,1,0,0,0
24.0,109050.0,5,24250.0,12.53,0.22,3.0,622,0,0,1,0,0,0,0,0,1,0,0,0,0,1,0
26.0,94635.0,2,24250.0,17.56,0.26,3.0,643,1,0,1,0,0,0,0,0,1,0,1,0,0,0,0
23.0,120966.0,0,24250.0,12.87,0.2,2.0,565,0,1,0,0,1,0,0,0,1,0,0,0,1,0,0
23.0,124437.0,0,24250.0,15.7,0.19,2.0,718,0,1,0,0,0,1,0,0,1,0,0,0,1,0,1
25.0,193147.0,3,9000.0,11.01,0.05,3.0,625,0,1,1,0,0,0,0,0,0,1,0,0,0,0,1
25.0,192914.0,0,15000.0,11.14,0.08,4.0,614,0,1,1,0,0,0,0,1,0,0,0,0,0,1,1
24.0,192806.0,2,20000.0,16.0,0.1,3.0,690,0,0,1,0,0,0,0,0,0,0,0,0,0,1,1
23.0,193097.0,0,25000.0,15.65,0.13,2.0,564,0,1,0,0,1,0,0,0,0,1,0,0,0,0,1
26.0,193082.0,5,13750.0,11.01,0.07,4.0,579,0,0,0,0,0,0,0,0,0,0,0,0,0,0,1
21.0,192841.0,1,15250.0,15.31,0.08,4.0,648,0,0,0,0,1,0,0,0,0,0,0,0,0,1,0
25.0,193300.0,3,20000.0,13.47,0.1,2.0,531,0,1,0,0,0,1,0,0,0,0,0,0,0,1,1
22.0,21205.0,0,4750.0,13.85,0.22,2.0,658,1,1,0,0,0,0,0,0,0,0,1,0,0,0,0
25.0,135292.0,3,24250.0,11.01,0.18,3.0,574,0,0,1,0,0,0,0,0,1,0,0,0,1,0,0
21.0,21363.0,2,6000.0,10.39,0.28,4.0,671,1,1,0,0,1,0,0,0,0,0,0,0,0,1,0
25.0,139035.0,7,24250.0,11.36,0.17,2.0,633,0,1,0,0,1,0,0,0,1,0,1,0,0,0,0
23.0,173511.0,0,24250.0,11.83,0.14,3.0,631,0,1,0,0,1,0,0,0,1,1,0,0,0,0,1
23.0,345520.0,0,24250.0,12.53,0.07,3.0,652,0,1,0,0,0,0,0,0,1,1,0,0,0,0,1
22.0,130762.0,3,24150.0,14.96,0.18,3.0,683,1,0,1,0,0,0,0,0,1,0,1,0,0,0,0
22.0,52596.0,0,24000.0,13.85,0.46,3.0,693,1,0,1,0,0,0,0,0,1,0,0,0,0,0,0
23.0,57326.0,2,24000.0,11.58,0.42,4.0,603,1,0,1,0,0,0,0,0,1,0,0,0,0,1,0
24.0,58262.0,1,24000.0,16.29,0.41,2.0,522,1,0,0,0,1,0,0,0,1,0,0,0,0,1,0
26.0,58620.0,4,24000.0,11.01,0.41,3.0,664,1,0,0,0,1,0,0,0,1,0,0,1,0,0,0
21.0,55113.0,0,24000.0,16.29,0.44,2.0,645,1,0,0,0,0,1,0,0,1,1,0,0,0,0,0
25.0,63361.0,2,24000.0,10.74,0.38,2.0,592,1,1,1,0,0,0,0,0,1,0,0,0,1,0,0
22.0,22107.0,4,2250.0,15.27,0.1,3.0,636,0,0,0,0,0,0,0,0,0,1,0,0,0,0,1
24.0,57356.0,3,24000.0,17.8,0.42,2.0,672,1,0,1,0,0,0,0,0,1,0,0,0,1,0,0
22.0,21790.0,0,1000.0,11.36,0.05,2.0,686,0,0,1,0,0,0,0,0,0,0,0,0,0,1,1
22.0,59680.0,0,24000.0,17.56,0.4,4.0,590,1,0,0,0,1,0,0,0,1,0,0,1,0,0,0
26.0,72720.0,2,24000.0,7.9,0.33,4.0,636,1,0,0,0,0,1,0,0,1,0,0,0,1,0,0
25.0,73024.0,5,24000.0,10.99,0.33,4.0,580,1,0,0,0,1,0,0,0,1,0,0,0,1,0,0
22.0,73110.0,0,24000.0,7.29,0.33,3.0,674,1,1,1,0,0,0,0,0,1,0,0,0,1,0,0
21.0,72902.0,0,24000.0,10.75,0.33,2.0,601,1,0,0,0,0,0,0,0,1,0,0,1,0,0,0
26.0,75416.0,4,24000.0,7.9,0.32,3.0,620,1,0,0,0,1,0,0,0,1,0,0,0,0,0,0
22.0,75959.0,0,24000.0,14.84,0.32,2.0,642,1,1,0,0,0,1,0,0,1,1,0,0,0,0,0
26.0,79222.0,7,24000.0,11.01,0.3,2.0,616,1,1,0,0,0,0,0,0,1,0,0,0,0,0,0
22.0,21824.0,0,4975.0,11.01,0.23,3.0,588,1,0,0,0,0,0,0,0,0,1,0,0,0,0,0
23.0,71875.0,1,24000.0,19.69,0.33,2.0,585,1,1,0,0,1,0,0,0,1,0,0,0,0,0,0
23.0,80313.0,1,24000.0,11.01,0.3,4.0,632,1,1,1,0,0,0,0,0,1,0,0,0,0,1,0
24.0,72647.0,5,24000.0,14.96,0.33,4.0,556,1,1,0,0,1,0,0,0,1,0,0,0,0,1,0
25.0,80492.0,4,24000.0,6.99,0.3,3.0,602,1,1,1,0,0,0,0,0,1,1,0,0,0,0,0
22.0,75646.0,0,24000.0,16.45,0.32,4.0,639,1,1,0,0,1,0,0,0,1,0,0,0,1,0,0
24.0,85223.0,3,24000.0,10.99,0.28,4.0,603,1,1,0,0,0,0,0,0,1,1,0,0,0,0,0
23.0,89735.0,2,24000.0,10.99,0.27,2.0,689,1,1,0,0,0,0,0,0,1,0,0,0,0,0,0
22.0,22364.0,4,3000.0,7.9,0.13,4.0,672,1,1,0,0,1,0,0,1,0,0,0,0,1,0,0
22.0,90780.0,2,24000.0,12.69,0.26,4.0,499,1,0,0,0,0,1,0,0,1,1,0,0,0,0,0
24.0,90889.0,1,24000.0,10.37,0.26,3.0,643,1,1,1,0,0,0,0,0,1,0,0,1,0,0,0
24.0,90911.0,2,24000.0,11.01,0.26,3.0,589,1,1,1,0,0,0,0,0,1,0,1,0,0,0,0
26.0,83953.0,2,24000.0,15.83,0.29,3.0,646,1,1,0,0,0,1,0,0,1,0,0,0,0,0,0
23.0,94644.0,1,24000.0,13.92,0.25,3.0,613,1,1,0,0,0,0,0,0,1,0,0,0,1,0,0
22.0,22616.0,0,2000.0,11.49,0.09,3.0,567,0,0,0,0,1,0,0,1,0,0,0,0,0,1,0
24.0,96989.0,4,24000.0,10.25,0.25,2.0,603,0,0,1,0,0,0,0,0,1,0,0,1,0,0,0
22.0,22867.0,3,3500.0,7.49,0.15,4.0,647,1,0,0,0,0,0,0,1,0,0,1,0,0,0,0
23.0,22583.0,1,4000.0,5.99,0.18,2.0,645,1,0,0,0,0,1,0,1,0,1,0,0,0,0,0
23.0,90900.0,0,24000.0,12.92,0.26,2.0,672,1,0,1,0,0,0,0,0,1,0,0,0,1,0,0
26.0,107641.0,6,24000.0,11.58,0.22,3.0,648,0,0,0,0,0,1,0,0,1,0,0,0,1,0,0
25.0,114870.0,4,24000.0,8.9,0.21,2.0,653,0,1,0,0,1,0,0,0,1,1,0,0,0,0,0
22.0,100479.0,0,24000.0,19.69,0.24,3.0,590,1,1,1,0,0,0,0,0,1,0,0,0,0,0,0
25.0,114958.0,2,24000.0,6.54,0.21,4.0,704,0,0,0,0,0,1,0,0,1,0,0,0,0,1,1
21.0,22882.0,0,4900.0,14.54,0.21,4.0,674,1,0,0,0,0,1,0,1,0,0,1,0,0,0,0
21.0,22392.0,0,5000.0,11.11,0.22,2.0,594,1,0,1,0,0,0,0,1,0,1,0,0,0,0,0
26.0,120498.0,5,24000.0,12.73,0.2,4.0,626,0,0,0,0,1,0,0,0,1,0,0,0,1,0,0
24.0,132873.0,2,24000.0,15.62,0.18,4.0,701,0,0,0,0,0,1,0,0,1,0,0,0,0,1,1
24.0,22635.0,3,6250.0,6.54,0.28,4.0,602,1,1,0,0,0,0,0,1,0,0,1,0,0,0,0
22.0,118299.0,0,24000.0,11.01,0.2,2.0,503,1,0,0,0,0,0,0,0,1,0,0,0,0,0,0
26.0,125665.0,5,24000.0,20.0,0.19,4.0,657,1,0,0,0,0,0,0,0,1,0,0,0,0,0,0
22.0,144904.0,0,24000.0,9.91,0.17,4.0,638,0,0,0,0,1,0,0,0,1,1,0,0,0,0,0
24.0,144882.0,2,24000.0,12.69,0.17,4.0,646,0,0,1,0,0,0,0,0,1,0,0,0,0,1,1
26.0,130649.0,4,24000.0,20.0,0.18,3.0,678,1,1,0,0,0,0,0,0,1,1,0,0,0,0,0
24.0,149622.0,4,24000.0,16.49,0.16,4.0,684,0,1,0,0,0,1,0,0,1,0,0,0,1,0,1
23.0,22957.0,1,2500.0,15.95,0.11,2.0,594,1,1,1,0,0,0,0,0,0,0,0,1,0,0,0
24.0,157225.0,1,24000.0,11.49,0.15,3.0,538,0,1,0,0,0,1,0,0,1,0,0,0,0,0,1
25.0,163004.0,3,24000.0,10.99,0.15,2.0,662,0,0,1,0,0,0,0,0,1,0,0,0,1,0,0
24.0,163035.0,2,24000.0,13.79,0.15,2.0,636,0,1,0,0,1,0,0,0,1,0,1,0,0,0,1
23.0,138731.0,0,24000.0,20.0,0.17,3.0,613,1,1,0,0,0,1,0,0,1,0,0,1,0,0,0
23.0,180804.0,1,24000.0,7.49,0.13,4.0,573,0,0,0,0,0,0,0,0,1,1,0,0,0,0,1
23.0,166378.0,0,24000.0,16.0,0.14,2.0,714,1,1,0,0,0,1,0,0,1,0,0,0,0,0,0
24.0,22684.0,0,13000.0,7.88,0.57,3.0,640,1,1,0,0,0,0,0,1,0,0,0,0,1,0,0
21.0,22366.0,0,6250.0,10.62,0.28,4.0,637,1,1,1,0,0,0,0,1,0,0,0,0,0,1,0
26.0,187161.0,7,24000.0,10.99,0.13,4.0,633,0,0,0,0,1,0,0,0,1,0,0,0,0,0,1
26.0,178439.0,0,24000.0,18.3,0.13,2.0,615,1,1,1,0,0,0,0,0,1,1,0,0,0,0,0
26.0,204962.0,2,24000.0,11.01,0.12,2.0,552,0,1,1,0,0,0,0,0,1,0,0,0,0,0,1
21.0,22673.0,0,2500.0,11.36,0.11,3.0,670,0,1,1,0,0,0,0,1,0,0,0,0,1,0,1
24.0,53633.0,4,23975.0,11.01,0.45,2.0,678,1,1,0,0,0,0,0,0,1,0,1,0,0,0,0
23.0,144983.0,2,23750.0,13.47,0.16,2.0,676,0,0,0,0,0,1,0,0,1,0,0,1,0,0,0
24.0,67032.0,2,23600.0,11.89,0.35,3.0,624,1,0,0,0,1,0,0,0,1,0,0,0,1,0,0
24.0,22664.0,0,10000.0,12.18,0.44,2.0,649,1,1,0,0,1,0,0,0,0,0,0,0,0,0,0
25.0,123299.0,0,23600.0,13.49,0.19,4.0,555,0,1,0,0,1,0,0,0,1,0,0,0,0,0,1
23.0,91275.0,0,23575.0,14.5,0.26,4.0,613,1,0,0,0,0,0,0,0,1,0,0,0,1,0,0
22.0,22564.0,1,4000.0,11.01,0.18,2.0,684,1,1,1,0,0,0,0,1,0,0,0,1,0,0,0
22.0,22786.0,0,5400.0,15.31,0.24,2.0,647,1,1,1,0,0,0,0,1,0,0,0,1,0,0,0
25.0,22450.0,4,4000.0,11.01,0.18,3.0,580,1,1,0,0,1,0,0,0,0,0,0,1,0,0,0
21.0,22666.0,0,3375.0,11.01,0.15,2.0,630,1,0,1,0,0,0,0,1,0,0,0,0,0,1,0
22.0,81701.0,1,23400.0,7.49,0.29,2.0,589,1,1,1,0,0,0,0,0,1,0,0,0,0,1,0
22.0,52984.0,0,23000.0,11.01,0.43,3.0,621,1,1,0,0,1,0,0,0,1,0,0,0,1,0,0
25.0,68579.0,1,23000.0,11.01,0.34,2.0,665,1,0,0,0,0,1,0,0,1,1,0,0,0,0,0
23.0,73014.0,0,23000.0,12.18,0.32,4.0,668,1,0,1,0,0,0,0,0,1,0,0,0,0,1,0
24.0,22608.0,2,1200.0,11.34,0.05,4.0,615,0,0,1,0,0,0,0,0,0,0,0,0,0,1,1
25.0,76932.0,2,23000.0,9.91,0.3,3.0,604,1,0,0,0,1,0,0,0,1,1,0,0,0,0,0
24.0,78955.0,1,23000.0,11.99,0.29,4.0,620,1,1,0,0,1,0,0,0,1,0,1,0,0,0,0
23.0,82567.0,0,23000.0,9.62,0.28,2.0,558,1,1,0,0,0,1,0,0,1,1,0,0,0,0,0
22.0,22466.0,0,3000.0,9.96,0.13,3.0,603,1,1,1,0,0,0,0,1,0,0,0,0,0,0,0
25.0,97251.0,2,23000.0,11.01,0.24,2.0,683,0,1,1,0,0,0,0,0,1,0,0,0,0,1,1
24.0,106607.0,1,23000.0,14.54,0.22,2.0,641,1,1,0,0,0,0,0,0,1,0,0,0,0,1,0
22.0,71385.0,0,22750.0,11.36,0.32,4.0,521,1,1,1,0,0,0,0,0,1,0,0,1,0,0,0
23.0,84865.0,3,22500.0,14.27,0.27,2.0,655,1,0,1,0,0,0,0,0,1,0,0,0,0,0,0
24.0,22789.0,1,3000.0,11.99,0.13,3.0,663,1,1,1,0,0,0,0,1,0,0,1,0,0,0,0
26.0,84801.0,4,22500.0,18.99,0.27,2.0,605,1,0,1,0,0,0,0,0,1,1,0,0,0,0,0
24.0,88421.0,4,22400.0,16.7,0.25,4.0,708,1,1,1,0,0,0,0,0,1,0,0,0,0,1,0
24.0,23071.0,3,5000.0,9.32,0.22,3.0,571,1,1,0,0,1,0,0,0,0,0,0,0,1,0,0
23.0,43042.0,1,22250.0,12.69,0.52,3.0,678,1,1,1,0,0,0,0,0,1,0,0,0,0,0,0
25.0,53119.0,1,22000.0,13.11,0.41,2.0,597,1,0,0,0,1,0,0,0,1,0,1,0,0,0,0
25.0,63311.0,1,22000.0,10.74,0.35,2.0,689,1,1,1,0,0,0,0,0,1,0,0,0,1,0,0
21.0,23597.0,0,4200.0,14.11,0.18,4.0,675,1,1,1,0,0,0,0,0,0,0,0,0,1,0,0
22.0,69308.0,1,22000.0,9.63,0.32,3.0,591,1,0,0,0,1,0,0,0,1,1,0,0,0,0,0
25.0,70598.0,5,22000.0,14.65,0.31,2.0,616,1,0,0,0,1,0,0,0,1,0,0,1,0,0,0
23.0,73044.0,0,22000.0,10.25,0.3,4.0,640,1,0,0,0,1,0,0,0,1,0,0,0,0,0,0
24.0,73043.0,0,22000.0,14.26,0.3,2.0,593,1,1,1,0,0,0,0,0,1,0,0,0,0,1,0
25.0,23627.0,4,3000.0,9.91,0.13,2.0,649,1,0,1,0,0,0,0,0,0,1,0,0,0,0,0
26.0,68198.0,4,22000.0,17.19,0.32,3.0,645,1,1,1,0,0,0,0,0,1,0,0,1,0,0,0
22.0,85089.0,0,22000.0,11.36,0.26,4.0,537,1,0,0,0,1,0,0,0,1,1,0,0,0,0,0
22.0,80358.0,0,22000.0,11.01,0.27,2.0,635,1,0,1,0,0,0,0,0,1,1,0,0,0,0,0
23.0,90025.0,0,22000.0,10.59,0.24,3.0,640,0,0,1,0,0,0,0,0,1,0,0,0,0,0,1
24.0,93232.0,2,22000.0,9.25,0.24,2.0,625,0,0,0,0,0,1,0,0,1,1,0,0,0,0,0
22.0,23497.0,0,3625.0,8.49,0.15,3.0,557,1,0,0,0,0,1,0,1,0,0,0,1,0,0,0
26.0,93314.0,8,22000.0,6.54,0.24,3.0,643,0,1,0,0,0,0,0,0,1,0,0,0,0,1,0
21.0,23543.0,0,6000.0,8.49,0.25,3.0,631,1,0,0,0,0,0,0,1,0,0,0,1,0,0,0
24.0,97038.0,0,22000.0,11.01,0.23,4.0,653,0,1,1,0,0,0,0,0,1,0,0,1,0,0,1
26.0,100246.0,1,22000.0,12.69,0.22,2.0,623,0,0,0,0,0,0,0,0,1,0,0,0,0,1,1
24.0,23667.0,3,7400.0,13.85,0.31,2.0,662,1,0,1,0,0,0,0,1,0,0,0,1,0,0,0
25.0,23719.0,2,4000.0,7.4,0.17,3.0,667,1,1,0,0,0,0,0,1,0,0,0,0,0,0,0
23.0,101575.0,1,22000.0,11.71,0.22,4.0,586,0,1,0,0,1,0,0,0,1,0,0,0,0,0,0
25.0,94168.0,3,22000.0,11.48,0.23,3.0,719,1,0,0,0,0,1,0,0,1,0,0,0,1,0,0
25.0,99394.0,1,22000.0,17.51,0.22,2.0,646,1,1,0,0,0,1,0,0,1,1,0,0,0,0,0
21.0,23504.0,0,3500.0,14.61,0.15,3.0,646,1,1,0,0,1,0,0,0,0,0,0,0,0,0,0
23.0,120500.0,3,22000.0,7.88,0.18,4.0,646,0,1,1,0,0,0,0,0,1,0,0,0,0,0,0
23.0,133195.0,1,22000.0,11.01,0.17,3.0,643,0,0,1,0,0,0,0,0,1,0,0,0,1,0,1
22.0,24148.0,1,4950.0,11.71,0.2,2.0,594,1,1,1,0,0,0,0,0,0,0,0,0,1,0,0
25.0,69353.0,1,21700.0,11.99,0.31,2.0,664,1,1,1,0,0,0,0,0,1,0,0,0,1,0,0
24.0,65946.0,0,21600.0,13.49,0.33,2.0,605,1,1,0,0,1,0,0,0,1,0,0,0,0,1,0
23.0,68677.0,0,21600.0,20.0,0.31,4.0,646,1,0,0,0,1,0,0,0,1,0,0,1,0,0,0
26.0,76687.0,3,21600.0,14.35,0.28,3.0,655,1,0,0,0,0,0,0,0,1,0,0,0,0,0,0
22.0,99087.0,0,21600.0,13.61,0.22,3.0,597,0,0,1,0,0,0,0,0,1,0,0,0,1,0,0
22.0,94523.0,0,21600.0,11.26,0.23,3.0,679,1,1,0,0,1,0,0,0,1,0,0,0,0,0,0
22.0,24092.0,0,2400.0,10.59,0.1,3.0,654,0,0,0,0,1,0,0,1,0,0,0,0,0,1,0
24.0,135365.0,1,21600.0,7.9,0.16,2.0,556,0,0,1,0,0,0,0,0,1,0,0,1,0,0,0
24.0,24420.0,2,7000.0,5.99,0.29,4.0,694,1,1,0,0,0,0,0,0,0,0,1,0,0,0,0
25.0,23948.0,3,3000.0,11.99,0.13,4.0,587,1,1,0,0,1,0,0,1,0,1,0,0,0,0,0
24.0,71718.0,2,21500.0,16.89,0.3,3.0,620,1,0,0,0,0,0,0,0,1,0,0,1,0,0,0
24.0,84999.0,0,21500.0,9.99,0.25,3.0,701,1,0,0,0,0,1,0,0,1,0,1,0,0,0,0
24.0,140396.0,4,21500.0,15.33,0.15,3.0,572,0,0,0,0,1,0,0,0,1,1,0,0,0,0,1
25.0,73404.0,4,21450.0,7.29,0.29,4.0,671,1,1,0,0,1,0,0,0,1,1,0,0,0,0,0
22.0,38473.0,0,21250.0,12.42,0.55,3.0,599,1,1,0,0,1,0,0,0,1,0,0,0,0,0,0
25.0,57546.0,3,21250.0,10.99,0.37,2.0,610,1,1,0,0,0,0,0,0,1,0,0,0,0,1,0
25.0,62422.0,4,21250.0,6.91,0.34,2.0,588,1,1,1,0,0,0,0,0,1,0,0,0,0,1,0
22.0,23993.0,1,5000.0,14.17,0.21,2.0,691,1,1,1,0,0,0,0,0,0,0,0,0,0,0,0
22.0,64732.0,0,21250.0,10.25,0.33,3.0,645,1,1,0,0,1,0,0,0,1,0,0,1,0,0,0
26.0,23955.0,2,9250.0,11.01,0.39,2.0,618,1,1,0,0,0,0,0,1,0,1,0,0,0,0,0
24.0,68154.0,2,21250.0,15.95,0.31,3.0,672,1,1,1,0,0,0,0,0,1,0,0,0,0,1,0
24.0,79138.0,2,21250.0,15.95,0.27,4.0,650,1,0,0,0,0,0,0,0,1,1,0,0,0,0,0
21.0,42536.0,0,21000.0,12.53,0.49,4.0,687,1,1,0,0,1,0,0,0,1,0,0,0,0,1,0
22.0,23888.0,0,1400.0,14.91,0.06,4.0,535,1,1,0,0,0,0,0,0,0,0,1,0,0,0,0
23.0,24013.0,0,3000.0,11.01,0.12,4.0,604,1,1,0,0,0,0,0,0,0,0,0,1,0,0,0
26.0,48929.0,6,21000.0,6.54,0.43,4.0,601,1,0,1,0,0,0,0,0,1,0,0,1,0,0,0
25.0,24121.0,1,1000.0,11.01,0.04,3.0,612,0,0,0,0,0,0,0,1,0,0,0,0,0,1,1
26.0,51379.0,5,21000.0,17.26,0.41,4.0,666,1,1,1,0,0,0,0,0,1,0,0,1,0,0,0
23.0,76364.0,0,21000.0,11.36,0.27,2.0,645,1,1,0,0,1,0,0,0,1,0,0,1,0,0,0
26.0,24297.0,3,4000.0,7.51,0.16,4.0,678,1,1,1,0,0,0,0,0,0,0,0,0,0,1,0
22.0,71599.0,0,21000.0,10.71,0.29,3.0,644,1,0,1,0,0,0,0,0,1,0,0,0,1,0,0
22.0,85496.0,1,21000.0,13.98,0.25,4.0,614,0,1,0,0,0,0,0,0,1,0,0,0,1,0,1
26.0,79163.0,3,21000.0,14.09,0.27,3.0,627,1,0,0,0,0,0,0,0,1,0,0,0,0,0,0
22.0,90944.0,0,21000.0,10.0,0.23,3.0,523,0,1,0,0,0,1,0,0,1,1,0,0,0,0,1
22.0,23973.0,0,5000.0,15.33,0.21,3.0,571,1,0,0,0,0,1,0,0,0,0,0,1,0,0,0
25.0,75181.0,4,21000.0,16.32,0.28,4.0,546,1,0,0,0,1,0,0,0,1,0,0,1,0,0,0
24.0,95767.0,2,21000.0,7.9,0.22,2.0,640,0,0,0,0,0,0,0,0,1,0,1,0,0,0,0
23.0,96788.0,1,21000.0,11.99,0.22,3.0,648,0,0,0,0,0,1,0,0,1,0,0,1,0,0,1
24.0,101708.0,2,21000.0,10.75,0.21,4.0,593,0,1,0,0,1,0,0,0,1,0,0,1,0,0,0
26.0,103023.0,4,21000.0,13.92,0.2,3.0,658,0,1,0,0,0,0,0,0,1,0,1,0,0,0,1
22.0,113027.0,2,21000.0,9.91,0.19,3.0,701,0,1,1,0,0,0,0,0,1,1,0,0,0,0,0
26.0,98366.0,4,21000.0,16.95,0.21,3.0,702,1,0,1,0,0,0,0,0,1,1,0,0,0,0,0
26.0,117668.0,0,21000.0,7.9,0.18,3.0,711,0,1,0,0,0,0,0,0,1,1,0,0,0,0,1
26.0,117297.0,4,21000.0,11.01,0.18,3.0,570,0,1,1,0,0,0,0,0,1,1,0,0,0,0,1
25.0,120885.0,4,21000.0,16.49,0.17,3.0,637,1,0,0,0,0,0,0,0,1,0,0,0,1,0,0
26.0,24183.0,5,7500.0,11.97,0.31,2.0,621,1,0,0,0,0,0,1,0,0,0,0,0,1,0,0
21.0,23664.0,1,6250.0,6.17,0.26,3.0,637,1,1,0,0,1,0,0,0,0,0,0,0,0,0,0
26.0,150692.0,7,21000.0,8.9,0.14,2.0,534,0,1,0,0,0,0,0,0,1,0,1,0,0,0,0
25.0,151100.0,2,21000.0,12.99,0.14,3.0,577,0,0,0,0,1,0,0,0,1,1,0,0,0,0,1
23.0,99197.0,1,20900.0,12.69,0.21,2.0,638,0,1,1,0,0,0,0,0,1,0,0,0,1,0,0
21.0,24468.0,0,15000.0,9.64,0.61,2.0,548,1,0,0,0,0,0,0,0,0,1,0,0,0,0,0
26.0,61015.0,2,20500.0,7.49,0.34,3.0,676,1,0,0,0,1,0,0,0,1,0,0,0,0,1,0
23.0,84845.0,0,20500.0,13.16,0.24,3.0,641,0,1,0,0,0,0,0,0,1,1,0,0,0,0,0
22.0,24872.0,0,2100.0,8.38,0.08,4.0,630,0,0,0,0,0,0,0,1,0,1,0,0,0,0,1
123.0,97140.0,101,20400.0,10.25,0.21,3.0,805,0,0,0,0,1,0,0,0,1,1,0,0,0,0,1
23.0,65613.0,0,20375.0,7.49,0.31,2.0,518,1,1,1,0,0,0,0,0,1,0,0,0,1,0,0
26.0,32325.0,4,20050.0,9.76,0.62,2.0,652,1,1,0,0,1,0,0,0,1,1,0,0,0,0,0
24.0,40881.0,0,20000.0,10.99,0.49,3.0,600,1,0,0,0,0,0,0,0,1,0,0,0,0,0,0
23.0,24766.0,0,5000.0,11.71,0.2,4.0,649,0,1,0,0,0,0,0,1,0,0,0,0,1,0,0
22.0,24995.0,0,9250.0,10.65,0.37,4.0,576,0,0,0,0,0,0,0,1,0,0,0,0,1,0,1
24.0,43287.0,0,20000.0,12.53,0.46,4.0,600,1,1,0,0,0,1,0,0,1,0,0,1,0,0,0
25.0,46375.0,2,20000.0,14.59,0.43,4.0,654,1,1,1,0,0,0,0,0,1,0,0,1,0,0,0
23.0,39416.0,0,20000.0,12.61,0.51,4.0,593,1,0,0,0,1,0,0,0,1,0,0,0,0,0,0
25.0,46636.0,2,20000.0,13.11,0.43,2.0,614,1,1,0,0,0,0,0,0,1,0,0,1,0,0,0
23.0,25168.0,0,6400.0,10.65,0.25,4.0,638,0,1,0,0,0,0,0,0,0,0,0,1,0,0,0
25.0,47473.0,3,20000.0,11.22,0.42,4.0,633,1,1,1,0,0,0,0,0,1,0,0,0,1,0,0
23.0,40632.0,0,20000.0,16.0,0.49,2.0,649,1,0,0,0,1,0,0,0,1,1,0,0,0,0,0
25.0,41468.0,2,20000.0,8.88,0.48,4.0,591,1,0,0,0,0,0,0,0,1,0,1,0,0,0,0
24.0,48897.0,2,20000.0,12.53,0.41,3.0,656,1,1,0,0,1,0,0,0,1,0,0,0,1,0,0
21.0,44226.0,0,20000.0,11.01,0.45,2.0,637,1,1,1,0,0,0,0,0,1,0,0,1,0,0,0
26.0,25012.0,3,4800.0,5.99,0.19,3.0,682,0,1,1,0,0,0,0,0,0,0,0,1,0,0,1
25.0,51210.0,4,20000.0,13.47,0.39,4.0,645,1,1,0,0,0,0,0,0,1,1,0,0,0,0,0
22.0,51305.0,1,20000.0,6.99,0.39,4.0,602,1,1,0,0,1,0,0,0,1,0,0,0,0,1,0
25.0,25295.0,3,5650.0,15.99,0.22,2.0,637,0,1,1,0,0,0,0,1,0,0,0,0,1,0,1
23.0,24930.0,0,3625.0,11.01,0.15,3.0,662,0,0,0,0,0,0,0,0,0,1,0,0,0,0,1
22.0,45716.0,0,20000.0,16.69,0.44,3.0,447,1,1,0,0,1,0,0,0,1,0,0,0,0,0,0
25.0,46683.0,3,20000.0,11.11,0.43,4.0,636,1,1,1,0,0,0,0,0,1,0,0,1,0,0,0
22.0,54870.0,0,20000.0,7.9,0.36,4.0,631,1,0,0,0,0,0,0,0,1,1,0,0,0,0,0
23.0,55291.0,3,20000.0,10.25,0.36,2.0,632,1,1,0,0,0,0,0,0,1,0,0,0,1,0,0
24.0,54919.0,4,20000.0,11.01,0.36,2.0,670,1,0,0,0,1,0,0,0,1,0,0,1,0,0,0
23.0,25141.0,0,1200.0,7.49,0.05,3.0,700,0,0,1,0,0,0,0,1,0,0,0,1,0,0,0
22.0,54899.0,0,20000.0,13.92,0.36,3.0,650,1,1,0,0,1,0,0,0,1,0,0,0,0,0,0
24.0,47903.0,0,20000.0,14.74,0.42,2.0,665,1,1,0,0,0,0,0,0,1,0,0,1,0,0,0
24.0,56744.0,0,20000.0,10.62,0.35,2.0,582,1,1,0,0,0,0,0,0,1,1,0,0,0,0,0
22.0,58440.0,0,20000.0,10.65,0.34,3.0,656,1,1,0,0,0,0,0,0,1,0,0,0,0,1,0
22.0,51628.0,0,20000.0,12.99,0.39,3.0,635,1,0,0,0,0,0,0,0,1,0,0,0,1,0,0
22.0,58859.0,1,20000.0,11.36,0.34,4.0,672,1,1,0,0,1,0,0,0,1,0,0,0,0,1,0
22.0,24521.0,0,7500.0,5.79,0.31,4.0,612,0,0,0,0,0,0,0,1,0,1,0,0,0,0,1
23.0,60235.0,4,20000.0,6.54,0.33,4.0,615,1,0,0,0,0,1,0,0,1,1,0,0,0,0,0
25.0,25654.0,6,4000.0,5.79,0.16,2.0,725,0,0,0,0,0,1,0,0,0,0,0,0,0,1,0
25.0,61114.0,1,20000.0,7.49,0.33,3.0,639,1,0,1,0,0,0,0,0,1,0,0,0,0,0,0
25.0,60990.0,1,20000.0,13.43,0.33,2.0,691,1,0,1,0,0,0,0,0,1,1,0,0,0,0,0
22.0,61072.0,0,20000.0,13.22,0.33,2.0,681,1,0,1,0,0,0,0,0,1,0,0,0,0,0,0
22.0,25229.0,1,5000.0,14.72,0.2,3.0,604,0,1,0,0,0,0,0,1,0,0,0,0,0,1,1
22.0,53980.0,0,20000.0,15.68,0.37,4.0,688,1,0,0,0,0,0,0,0,1,1,0,0,0,0,0
24.0,61918.0,2,20000.0,11.01,0.32,3.0,672,1,1,1,0,0,0,0,0,1,0,0,1,0,0,0
25.0,62299.0,3,20000.0,11.48,0.32,3.0,680,1,0,1,0,0,0,0,0,1,0,1,0,0,0,0
24.0,62192.0,3,20000.0,10.38,0.32,3.0,640,1,1,0,0,0,1,0,0,1,0,0,0,0,1,0
22.0,62045.0,0,20000.0,12.53,0.32,3.0,629,1,1,1,0,0,0,0,0,1,1,0,0,0,0,0
22.0,62350.0,1,20000.0,13.47,0.32,2.0,677,1,1,1,0,0,0,0,0,1,1,0,0,0,0,0
24.0,62508.0,0,20000.0,12.21,0.32,4.0,571,1,0,0,0,0,0,0,0,1,0,0,0,0,1,0
25.0,63607.0,2,20000.0,10.99,0.31,3.0,647,1,1,0,0,1,0,0,0,1,0,0,0,0,1,0
25.0,63921.0,3,20000.0,11.36,0.31,4.0,568,1,1,0,0,0,0,0,0,1,1,0,0,0,0,0
22.0,56273.0,0,20000.0,16.0,0.36,4.0,700,1,1,1,0,0,0,0,0,1,0,0,0,0,0,0
26.0,24569.0,4,1500.0,7.74,0.06,3.0,570,0,1,1,0,0,0,0,0,0,0,0,0,1,0,1
24.0,63481.0,3,20000.0,15.65,0.32,2.0,633,1,1,0,0,1,0,0,0,1,1,0,0,0,0,0
25.0,56451.0,0,20000.0,11.78,0.35,2.0,646,1,1,0,0,1,0,0,0,1,0,0,0,0,0,0
24.0,63897.0,0,20000.0,11.01,0.31,3.0,614,1,0,0,0,0,0,0,0,1,0,1,0,0,0,0
22.0,57193.0,0,20000.0,16.77,0.35,3.0,532,1,0,0,0,1,0,0,0,1,0,0,1,0,0,0
22.0,65874.0,0,20000.0,9.91,0.3,4.0,617,1,1,0,0,0,0,0,0,1,1,0,0,0,0,0
23.0,58705.0,3,20000.0,15.65,0.34,4.0,603,1,0,0,0,0,0,0,0,1,0,0,1,0,0,0
23.0,58236.0,2,20000.0,14.96,0.34,3.0,588,1,1,0,0,1,0,0,0,1,0,0,1,0,0,0
23.0,65738.0,0,20000.0,11.83,0.3,4.0,668,1,1,0,0,0,0,0,0,1,0,0,0,0,1,0
24.0,59765.0,2,20000.0,11.66,0.33,4.0,643,1,1,0,0,1,0,0,0,1,0,0,1,0,0,0
26.0,67019.0,2,20000.0,12.18,0.3,4.0,639,1,1,0,0,1,0,0,0,1,1,0,0,0,0,0
24.0,67265.0,2,20000.0,6.91,0.3,2.0,525,1,0,0,0,0,0,0,0,1,0,1,0,0,0,0
25.0,66906.0,3,20000.0,6.91,0.3,3.0,666,1,1,1,0,0,0,0,0,1,0,0,0,0,0,0
26.0,59603.0,7,20000.0,19.79,0.34,3.0,642,1,0,0,0,0,0,0,0,1,0,1,0,0,0,0
25.0,67174.0,2,20000.0,9.88,0.3,4.0,646,1,1,0,0,1,0,0,0,1,0,0,0,0,1,0
22.0,24993.0,1,16600.0,9.76,0.66,3.0,634,0,0,0,0,0,0,0,0,0,0,0,0,1,0,1
23.0,66844.0,0,20000.0,12.53,0.3,2.0,655,1,1,0,0,0,0,0,0,1,0,0,0,0,0,0
25.0,67482.0,6,20000.0,11.01,0.3,4.0,682,1,0,0,0,0,0,0,0,1,0,0,0,0,1,0
23.0,24853.0,0,7125.0,6.99,0.29,2.0,631,0,1,0,0,1,0,0,0,0,0,0,0,1,0,1
23.0,69387.0,2,20000.0,16.89,0.29,2.0,600,1,1,0,0,0,1,0,0,1,1,0,0,0,0,0
22.0,62379.0,0,20000.0,17.49,0.32,4.0,641,1,0,0,0,1,0,0,0,1,0,0,0,1,0,0
23.0,24853.0,0,2500.0,16.82,0.1,2.0,524,0,1,1,0,0,0,0,0,0,1,0,0,0,0,1
26.0,24751.0,2,3600.0,11.01,0.15,2.0,669,0,1,0,0,0,0,0,0,0,0,1,0,0,0,1
22.0,70529.0,1,20000.0,13.11,0.28,2.0,593,1,0,0,0,0,0,0,0,1,0,0,0,0,0,0
23.0,71255.0,2,20000.0,7.66,0.28,3.0,654,1,0,0,0,0,0,0,0,1,0,0,0,0,0,0
26.0,71761.0,3,20000.0,6.17,0.28,3.0,665,1,1,0,0,0,1,0,0,1,0,0,1,0,0,0
26.0,64550.0,8,20000.0,16.35,0.31,4.0,649,1,1,1,0,0,0,0,0,1,0,0,0,1,0,0
23.0,72969.0,1,20000.0,7.9,0.27,2.0,579,1,0,1,0,0,0,0,0,1,0,0,1,0,0,0
24.0,66060.0,4,20000.0,16.49,0.3,2.0,671,1,0,1,0,0,0,0,0,1,0,0,0,0,1,0
21.0,25666.0,0,3550.0,11.01,0.14,4.0,693,0,1,1,0,0,0,0,1,0,0,0,0,0,1,1
26.0,25229.0,3,7000.0,8.0,0.28,2.0,626,0,1,0,0,0,0,0,0,0,0,1,0,0,0,1
24.0,72762.0,6,20000.0,10.99,0.27,2.0,677,1,0,0,0,0,1,0,0,1,0,0,0,1,0,0
24.0,25451.0,3,7750.0,6.91,0.3,3.0,594,0,1,0,0,0,1,0,1,0,0,0,0,0,1,0
25.0,65742.0,1,20000.0,8.88,0.3,3.0,592,1,0,1,0,0,0,0,0,1,0,0,0,1,0,0
24.0,73352.0,1,20000.0,11.01,0.27,4.0,583,1,1,1,0,0,0,0,0,1,0,0,0,0,1,0
23.0,65733.0,0,20000.0,14.84,0.3,3.0,592,1,1,0,0,0,1,0,0,1,0,0,0,0,0,0
23.0,65802.0,3,20000.0,11.12,0.3,2.0,628,1,1,0,0,0,0,0,0,1,0,0,0,1,0,0
22.0,72562.0,1,20000.0,7.88,0.28,3.0,567,1,1,1,0,0,0,0,0,1,1,0,0,0,0,0
25.0,73028.0,1,20000.0,11.01,0.27,2.0,654,1,0,0,0,0,0,0,0,1,1,0,0,0,0,0
22.0,25537.0,0,6000.0,15.99,0.23,4.0,623,0,1,0,0,0,0,0,0,0,1,0,0,0,0,0
24.0,25526.0,1,5500.0,10.99,0.22,4.0,661,0,1,0,0,0,0,0,0,0,0,0,0,0,0,1
25.0,73266.0,1,20000.0,11.01,0.27,3.0,658,1,1,1,0,0,0,0,0,1,1,0,0,0,0,0
25.0,65555.0,1,20000.0,15.65,0.31,3.0,667,1,1,0,0,1,0,0,0,1,0,0,0,1,0,0
24.0,65678.0,4,20000.0,17.04,0.3,3.0,602,1,0,0,0,1,0,0,0,1,0,0,0,1,0,0
23.0,73286.0,3,20000.0,12.21,0.27,2.0,687,1,0,1,0,0,0,0,0,1,1,0,0,0,0,0
21.0,25416.0,1,1275.0,15.23,0.05,3.0,626,0,1,0,0,0,0,0,1,0,1,0,0,0,0,1
25.0,65967.0,6,20000.0,14.11,0.3,4.0,662,1,0,0,0,1,0,0,0,1,0,0,0,0,0,0
24.0,73202.0,1,20000.0,11.14,0.27,2.0,536,1,0,0,0,1,0,0,0,1,0,0,0,1,0,0
21.0,25710.0,0,2400.0,11.49,0.09,4.0,623,0,1,0,0,0,0,0,1,0,0,0,1,0,0,0
24.0,73058.0,3,20000.0,13.87,0.27,4.0,647,1,0,1,0,0,0,0,0,1,0,0,0,1,0,0
26.0,72650.0,3,20000.0,10.08,0.28,4.0,606,1,1,0,0,1,0,0,0,1,0,1,0,0,0,0
23.0,66301.0,2,20000.0,16.7,0.3,4.0,645,1,1,0,0,1,0,0,0,1,0,0,0,1,0,0
24.0,66951.0,2,20000.0,18.64,0.3,2.0,632,1,1,0,0,1,0,0,0,1,0,0,0,0,1,0
24.0,73899.0,0,20000.0,12.18,0.27,4.0,634,1,0,1,0,0,0,0,0,1,0,1,0,0,0,0
22.0,25644.0,2,3800.0,11.01,0.15,3.0,645,0,1,0,0,1,0,0,1,0,0,0,0,0,0,0
25.0,75578.0,2,20000.0,6.54,0.26,3.0,574,1,0,0,0,1,0,0,0,1,0,0,1,0,0,0
24.0,68349.0,3,20000.0,14.61,0.29,4.0,576,1,1,0,0,1,0,0,0,1,1,0,0,0,0,0
21.0,68120.0,0,20000.0,17.39,0.29,3.0,664,1,0,1,0,0,0,0,0,1,0,0,0,0,1,0
24.0,75484.0,2,20000.0,11.12,0.26,2.0,562,1,1,0,0,1,0,0,0,1,0,1,0,0,0,0
25.0,75802.0,2,20000.0,11.48,0.26,2.0,637,1,0,1,0,0,0,0,0,1,0,0,0,0,1,0
25.0,76733.0,2,20000.0,12.42,0.26,3.0,656,1,0,0,0,0,1,0,0,1,0,0,1,0,0,0
26.0,70484.0,4,20000.0,10.25,0.28,2.0,590,1,1,1,0,0,0,0,0,1,0,0,0,0,0,0
23.0,78886.0,1,20000.0,10.65,0.25,3.0,653,1,0,1,0,0,0,0,0,1,0,0,1,0,0,0
24.0,25992.0,3,5000.0,16.29,0.19,3.0,612,0,0,0,0,0,0,0,1,0,0,0,0,1,0,0
23.0,79348.0,0,20000.0,10.37,0.25,2.0,703,1,0,1,0,0,0,0,0,1,0,0,1,0,0,0
23.0,78597.0,1,20000.0,11.49,0.25,3.0,596,1,1,1,0,0,0,0,0,1,0,0,0,0,1,0
24.0,26216.0,0,10000.0,10.59,0.38,4.0,586,0,1,0,0,1,0,0,1,0,0,0,0,0,1,1
25.0,26133.0,4,5375.0,13.49,0.21,2.0,650,0,1,0,0,0,1,0,1,0,0,0,0,0,1,1
26.0,71856.0,6,20000.0,11.01,0.28,4.0,610,1,0,1,0,0,0,0,0,1,0,0,0,1,0,0
23.0,72259.0,2,20000.0,12.29,0.28,4.0,650,1,1,0,0,0,1,0,0,1,1,0,0,0,0,0
21.0,25869.0,0,3500.0,17.27,0.14,2.0,579,1,0,1,0,0,0,0,0,0,0,0,0,0,0,0
26.0,79098.0,2,20000.0,11.99,0.25,2.0,534,1,1,0,0,0,0,0,0,1,0,0,0,0,0,0
25.0,71754.0,4,20000.0,14.84,0.28,2.0,540,1,0,0,0,0,0,0,0,1,0,0,0,1,0,0
23.0,71688.0,0,20000.0,10.83,0.28,2.0,584,1,1,0,0,1,0,0,0,1,0,0,0,0,0,0
23.0,79539.0,5,20000.0,13.22,0.25,2.0,584,1,0,0,0,0,0,0,0,1,0,0,0,0,0,0
22.0,81282.0,1,20000.0,12.18,0.25,2.0,639,0,0,0,0,1,0,0,0,1,1,0,0,0,0,0
23.0,81580.0,1,20000.0,11.11,0.25,2.0,607,0,1,1,0,0,0,0,0,1,0,0,1,0,0,1
24.0,81639.0,4,20000.0,13.48,0.24,2.0,681,0,0,0,0,0,1,0,0,1,0,1,0,0,0,0
26.0,82432.0,6,20000.0,10.75,0.24,4.0,710,0,1,0,0,1,0,0,0,1,1,0,0,0,0,0
25.0,82737.0,4,20000.0,12.53,0.24,4.0,634,0,1,0,0,1,0,0,0,1,0,0,0,1,0,1
24.0,75890.0,2,20000.0,14.84,0.26,4.0,595,1,1,0,0,1,0,0,0,1,0,0,0,0,0,0
23.0,84428.0,1,20000.0,17.74,0.24,2.0,707,0,1,1,0,0,0,0,0,1,0,0,0,0,1,1
25.0,85061.0,1,20000.0,9.99,0.24,2.0,627,0,1,1,0,0,0,0,0,1,0,1,0,0,0,1
22.0,84791.0,0,20000.0,6.91,0.24,4.0,592,0,1,1,0,0,0,0,0,1,0,0,0,1,0,1
25.0,77982.0,6,20000.0,11.01,0.26,4.0,699,1,0,1,0,0,0,0,0,1,0,1,0,0,0,0
25.0,86325.0,2,20000.0,14.09,0.23,2.0,566,0,1,0,0,1,0,0,0,1,0,0,0,1,0,1
22.0,26244.0,0,3000.0,11.49,0.11,3.0,667,0,1,0,0,1,0,0,0,0,0,0,0,0,0,1
23.0,86183.0,1,20000.0,14.09,0.23,3.0,638,0,0,0,0,1,0,0,0,1,1,0,0,0,0,0
23.0,67625.0,0,20000.0,15.2,0.3,4.0,620,1,0,0,0,0,0,0,0,1,0,0,1,0,0,0
24.0,87261.0,1,20000.0,11.83,0.23,2.0,667,0,1,0,0,1,0,0,0,1,0,0,1,0,0,1
24.0,25826.0,4,6000.0,12.21,0.23,2.0,655,0,0,1,0,0,0,1,0,0,0,0,0,1,0,0
23.0,80180.0,0,20000.0,14.11,0.25,3.0,666,1,1,0,0,0,0,0,0,1,0,0,0,0,1,0
22.0,80179.0,0,20000.0,14.42,0.25,2.0,655,1,1,0,0,1,0,0,0,1,0,0,0,0,0,0
24.0,87458.0,3,20000.0,14.74,0.23,3.0,604,0,1,0,0,1,0,0,0,1,0,1,0,0,0,1
24.0,89922.0,0,20000.0,12.69,0.22,3.0,672,0,0,0,0,0,1,0,0,1,0,1,0,0,0,1
22.0,26137.0,0,1625.0,16.89,0.06,3.0,596,1,0,1,0,0,0,0,0,0,0,0,0,0,0,0
25.0,91179.0,0,20000.0,11.01,0.22,4.0,658,0,1,0,0,1,0,0,0,1,0,0,0,0,0,1
21.0,26112.0,0,4500.0,11.01,0.17,2.0,608,1,1,0,0,0,0,0,0,0,0,1,0,0,0,0
25.0,26559.0,2,8500.0,9.63,0.32,4.0,686,0,1,1,0,0,0,0,0,0,0,0,0,0,1,1
24.0,91001.0,0,20000.0,8.88,0.22,3.0,687,0,0,0,0,0,0,0,0,1,0,1,0,0,0,0
26.0,90978.0,3,20000.0,6.91,0.22,4.0,652,0,0,1,0,0,0,0,0,1,0,0,1,0,0,1
26.0,90805.0,4,20000.0,11.01,0.22,3.0,603,0,0,1,0,0,0,0,0,1,1,0,0,0,0,0
25.0,91130.0,0,20000.0,10.38,0.22,3.0,622,0,0,0,0,0,0,0,0,1,0,0,0,1,0,1
22.0,83759.0,1,20000.0,10.99,0.24,4.0,660,1,1,0,0,1,0,0,0,1,0,0,0,0,0,0
22.0,91033.0,1,20000.0,11.01,0.22,2.0,572,0,1,0,0,0,1,0,0,1,0,0,0,0,1,1
21.0,26887.0,0,7575.0,11.01,0.28,3.0,641,0,0,1,0,0,0,0,0,0,0,0,0,1,0,1
26.0,26792.0,4,5200.0,12.42,0.19,3.0,674,0,0,1,0,0,0,0,1,0,1,0,0,0,0,0
24.0,83573.0,1,20000.0,14.82,0.24,4.0,693,1,1,1,0,0,0,0,0,1,0,1,0,0,0,0
23.0,91541.0,4,20000.0,16.32,0.22,3.0,628,0,0,1,0,0,0,0,0,1,0,0,0,1,0,0
23.0,72279.0,2,20000.0,16.0,0.28,3.0,688,1,0,0,0,0,0,0,0,1,0,0,1,0,0,0
23.0,92304.0,0,20000.0,10.37,0.22,3.0,635,0,1,0,0,0,0,0,0,1,0,0,1,0,0,1
26.0,85207.0,2,20000.0,13.16,0.23,3.0,662,1,1,0,0,0,1,0,0,1,0,0,0,0,0,0
24.0,85232.0,5,20000.0,14.88,0.23,4.0,652,1,0,0,0,0,0,0,0,1,0,0,0,0,1,0
22.0,93127.0,2,20000.0,13.98,0.21,4.0,619,0,0,0,0,0,0,0,0,1,0,0,0,0,0,1
26.0,86320.0,2,20000.0,13.36,0.23,2.0,655,1,1,0,0,0,1,0,0,1,0,1,0,0,0,0
21.0,26946.0,0,7125.0,6.99,0.26,3.0,653,0,0,0,0,1,0,0,1,0,0,0,0,0,1,0
22.0,26711.0,0,4025.0,5.42,0.15,4.0,565,0,0,0,0,1,0,0,0,0,1,0,0,0,0,1
24.0,26769.0,2,8000.0,5.42,0.3,2.0,613,0,1,1,0,0,0,0,0,0,0,0,1,0,0,1
26.0,94812.0,4,20000.0,13.85,0.21,4.0,663,0,0,1,0,0,0,0,0,1,0,1,0,0,0,0
22.0,27119.0,0,4000.0,12.99,0.15,2.0,540,0,0,0,0,0,0,0,0,0,0,0,0,1,0,1
26.0,27046.0,5,4200.0,9.99,0.16,3.0,598,0,1,1,0,0,0,0,1,0,0,0,1,0,0,1
22.0,26902.0,4,1400.0,11.01,0.05,2.0,653,0,0,1,0,0,0,0,0,0,0,0,0,0,1,1
123.0,94723.0,100,20000.0,11.01,0.21,4.0,714,0,1,1,0,0,0,0,0,1,0,0,0,0,1,1
23.0,74473.0,0,20000.0,11.14,0.27,2.0,460,1,0,0,0,1,0,0,0,1,0,0,1,0,0,0
21.0,27072.0,0,3800.0,5.99,0.14,2.0,643,0,1,1,0,0,0,0,0,0,0,0,0,0,0,0
24.0,87447.0,6,20000.0,11.01,0.23,4.0,632,1,0,0,0,0,1,0,0,1,0,0,0,0,0,0
23.0,94310.0,0,20000.0,11.58,0.21,3.0,578,0,0,0,0,1,0,0,0,1,0,0,0,0,1,0
23.0,95354.0,2,20000.0,13.85,0.21,4.0,642,0,1,0,0,0,1,0,0,1,0,0,1,0,0,1
23.0,96236.0,0,20000.0,16.89,0.21,4.0,688,0,1,0,0,0,1,0,0,1,1,0,0,0,0,0
23.0,96969.0,2,20000.0,7.9,0.21,4.0,696,0,1,0,0,0,1,0,0,1,0,0,1,0,0,0
23.0,27201.0,0,6000.0,12.68,0.22,4.0,527,0,0,0,0,0,0,0,1,0,0,0,0,0,1,1
22.0,76808.0,0,20000.0,14.91,0.26,4.0,611,1,1,0,0,0,0,0,0,1,0,0,1,0,0,0
24.0,97157.0,0,20000.0,13.06,0.21,4.0,545,0,1,0,0,1,0,0,0,1,0,0,0,0,1,1
25.0,96773.0,3,20000.0,8.88,0.21,4.0,644,0,1,0,0,1,0,0,0,1,1,0,0,0,0,1
23.0,26954.0,0,2000.0,6.17,0.07,4.0,511,0,1,1,0,0,0,0,0,0,1,0,0,0,0,1
22.0,96673.0,1,20000.0,13.98,0.21,4.0,616,0,0,0,0,1,0,0,0,1,1,0,0,0,0,1
22.0,26872.0,3,8500.0,6.54,0.32,4.0,656,0,1,0,0,1,0,0,1,0,0,0,0,0,1,0
26.0,76420.0,2,20000.0,13.85,0.26,3.0,656,1,1,1,0,0,0,0,0,1,0,0,1,0,0,0
26.0,27097.0,2,1000.0,10.36,0.04,3.0,581,0,0,0,0,0,0,0,0,0,0,1,0,0,0,1
25.0,89914.0,7,20000.0,15.95,0.22,4.0,477,1,1,0,0,1,0,0,0,1,0,0,0,1,0,0
25.0,96778.0,2,20000.0,14.26,0.21,4.0,664,0,1,0,0,0,0,0,0,1,0,1,0,0,0,0
23.0,97783.0,0,20000.0,11.71,0.2,2.0,563,0,0,0,0,1,0,0,0,1,0,0,1,0,0,1
22.0,98255.0,0,20000.0,13.49,0.2,4.0,623,0,0,1,0,0,0,0,0,1,0,0,0,0,0,1
24.0,26747.0,1,2000.0,14.84,0.07,2.0,704,1,1,0,0,0,1,0,0,0,0,0,0,0,0,0
22.0,99459.0,0,20000.0,11.01,0.2,2.0,691,0,0,1,0,0,0,0,0,1,1,0,0,0,0,0
23.0,92036.0,2,20000.0,15.05,0.22,4.0,648,1,0,0,0,0,0,0,0,1,0,1,0,0,0,0
22.0,93070.0,0,20000.0,13.79,0.21,4.0,662,1,1,0,0,0,1,0,0,1,1,0,0,0,0,0
24.0,101201.0,6,20000.0,13.48,0.2,3.0,569,0,0,0,0,1,0,0,0,1,1,0,0,0,0,0
26.0,26764.0,4,3000.0,6.76,0.11,2.0,642,0,0,1,0,0,0,0,1,0,0,0,0,0,1,0
23.0,102232.0,1,20000.0,11.11,0.2,4.0,663,0,1,0,0,0,1,0,0,1,0,0,0,1,0,1
25.0,101849.0,3,20000.0,13.92,0.2,2.0,627,0,0,1,0,0,0,0,0,1,1,0,0,0,0,1
23.0,26678.0,1,4400.0,12.53,0.16,2.0,610,0,0,1,0,0,0,0,1,0,1,0,0,0,0,1
21.0,27041.0,0,10000.0,11.14,0.37,2.0,534,0,1,1,0,0,0,0,0,0,0,0,0,0,0,1
24.0,95807.0,5,20000.0,14.11,0.21,2.0,678,1,0,0,0,0,1,0,0,1,0,1,0,0,0,0
23.0,103275.0,0,20000.0,7.49,0.19,2.0,597,0,0,1,0,0,0,0,0,1,0,0,1,0,0,1
25.0,103166.0,3,20000.0,10.25,0.19,3.0,653,0,1,0,0,1,0,0,0,1,0,0,0,0,0,1
26.0,88672.0,2,20000.0,12.53,0.23,2.0,571,1,1,1,0,0,0,0,0,1,0,0,0,1,0,0
21.0,27289.0,0,1500.0,11.86,0.05,3.0,659,0,0,0,0,1,0,0,0,0,0,0,0,1,0,1
23.0,27174.0,0,9000.0,7.88,0.33,3.0,619,0,1,1,0,0,0,0,1,0,0,0,0,0,1,1
25.0,102975.0,0,20000.0,11.01,0.19,2.0,663,0,0,0,0,0,0,0,0,1,0,1,0,0,0,0
24.0,27558.0,0,4000.0,11.01,0.15,2.0,621,0,1,0,0,0,0,0,0,0,0,0,0,0,1,1
22.0,105649.0,1,20000.0,13.85,0.19,4.0,575,0,0,0,0,0,0,0,0,1,0,0,0,0,0,1
23.0,27887.0,0,6000.0,13.23,0.22,4.0,477,0,1,0,0,1,0,0,1,0,0,0,0,1,0,1
22.0,109017.0,1,20000.0,11.01,0.18,4.0,639,0,0,0,0,0,0,0,0,1,0,0,0,1,0,1
23.0,94566.0,1,20000.0,18.25,0.21,2.0,611,1,1,0,0,1,0,0,0,1,0,1,0,0,0,0
24.0,109178.0,1,20000.0,6.54,0.18,3.0,630,0,0,1,0,0,0,0,0,1,0,0,0,0,0,0
23.0,108836.0,0,20000.0,11.49,0.18,4.0,560,0,1,0,0,0,1,0,0,1,0,0,1,0,0,1
26.0,109089.0,5,20000.0,11.49,0.18,3.0,537,0,1,0,0,0,1,0,0,1,0,0,1,0,0,1
22.0,27472.0,1,7000.0,11.71,0.25,2.0,694,0,0,1,0,0,0,0,0,0,1,0,0,0,0,0
23.0,109061.0,0,20000.0,13.57,0.18,4.0,657,0,1,0,0,0,1,0,0,1,0,0,0,0,0,1
25.0,110319.0,1,20000.0,14.35,0.18,3.0,572,0,1,0,0,1,0,0,0,1,1,0,0,0,0,1
26.0,27309.0,1,3825.0,10.65,0.14,4.0,618,0,1,1,0,0,0,0,0,0,0,0,0,0,0,1
22.0,111365.0,1,20000.0,15.65,0.18,2.0,649,0,0,1,0,0,0,0,0,1,0,0,0,0,1,0
22.0,27358.0,0,6500.0,11.01,0.24,4.0,496,0,1,0,0,0,0,0,0,0,0,0,0,0,1,1
25.0,27570.0,0,5875.0,6.62,0.21,2.0,680,1,0,1,0,0,0,0,0,0,1,0,0,0,0,0
25.0,111834.0,1,20000.0,9.25,0.18,2.0,606,0,1,0,0,0,0,0,0,1,0,0,1,0,0,1
22.0,27122.0,2,2400.0,11.71,0.09,3.0,612,0,1,0,0,1,0,0,0,0,0,0,1,0,0,1
24.0,27730.0,0,8000.0,5.42,0.29,4.0,477,0,1,1,0,0,0,0,0,0,0,0,0,1,0,1
26.0,113057.0,0,20000.0,9.45,0.18,4.0,606,0,0,1,0,0,0,0,0,1,0,0,0,0,0,1
23.0,27666.0,0,1550.0,7.49,0.06,2.0,658,1,1,1,0,0,0,0,0,0,0,0,0,0,0,0
22.0,114267.0,0,20000.0,11.01,0.18,2.0,602,0,1,0,0,0,0,0,0,1,0,0,0,1,0,1
23.0,100420.0,4,20000.0,11.01,0.2,2.0,571,1,1,1,0,0,0,0,0,1,0,0,0,0,0,0
23.0,115130.0,4,20000.0,10.99,0.17,2.0,701,0,1,0,0,1,0,0,0,1,1,0,0,0,0,0
24.0,114976.0,3,20000.0,11.01,0.17,3.0,665,0,0,1,0,0,0,0,0,1,0,1,0,0,0,0
21.0,27648.0,0,7350.0,7.66,0.27,2.0,635,0,1,1,0,0,0,0,1,0,0,0,0,0,1,1
23.0,116295.0,0,20000.0,13.04,0.17,3.0,643,0,0,1,0,0,0,0,0,1,0,0,1,0,0,1
22.0,27385.0,3,7200.0,7.14,0.26,2.0,636,0,1,0,0,0,0,0,0,0,0,0,0,1,0,0
22.0,103798.0,0,20000.0,15.65,0.19,4.0,645,1,0,0,0,0,0,0,0,1,0,0,0,0,1,0
22.0,118565.0,0,20000.0,11.83,0.17,4.0,575,0,0,1,0,0,0,0,0,1,1,0,0,0,0,1
24.0,27463.0,0,3000.0,16.0,0.11,2.0,647,0,0,1,0,0,0,0,1,0,0,0,0,0,0,1
23.0,120368.0,0,20000.0,15.28,0.17,4.0,569,0,1,0,0,0,0,0,0,1,1,0,0,0,0,1
21.0,27493.0,2,4000.0,15.05,0.15,4.0,528,0,0,1,0,0,0,0,1,0,0,0,0,0,0,0
22.0,27178.0,0,8500.0,15.05,0.31,4.0,626,0,1,0,0,0,1,0,1,0,0,0,0,0,0,0
24.0,120691.0,2,20000.0,14.22,0.17,3.0,664,0,0,0,0,0,1,0,0,1,0,1,0,0,0,0
25.0,106741.0,1,20000.0,16.35,0.19,3.0,650,1,0,0,0,1,0,0,0,1,0,1,0,0,0,0
26.0,27124.0,2,7500.0,10.96,0.28,2.0,600,0,1,0,0,0,0,0,1,0,0,0,0,0,1,1
25.0,121016.0,0,20000.0,13.06,0.17,2.0,672,0,0,0,0,1,0,0,0,1,0,1,0,0,0,0
25.0,120866.0,1,20000.0,13.06,0.17,2.0,563,0,1,1,0,0,0,0,0,1,0,1,0,0,0,1
25.0,27635.0,2,7500.0,11.01,0.27,3.0,665,0,0,1,0,0,0,0,1,0,0,0,0,0,1,0
23.0,27475.0,4,6700.0,11.01,0.24,4.0,605,0,0,0,0,1,0,0,0,0,1,0,0,0,0,1
22.0,90648.0,0,20000.0,14.96,0.22,4.0,653,1,1,0,0,1,0,0,0,1,0,0,1,0,0,0
23.0,90887.0,2,20000.0,17.04,0.22,2.0,685,1,1,0,0,0,0,0,0,1,0,0,1,0,0,0
22.0,121236.0,0,20000.0,12.21,0.16,3.0,580,0,1,1,0,0,0,0,0,1,0,0,0,1,0,1
25.0,27780.0,1,6400.0,7.88,0.23,4.0,672,0,1,0,0,0,0,0,0,0,0,0,0,1,0,1
26.0,27364.0,0,5400.0,5.42,0.2,3.0,646,0,1,0,0,0,1,0,1,0,0,0,0,1,0,0
26.0,125803.0,6,20000.0,10.74,0.16,2.0,636,0,1,1,0,0,0,0,0,1,0,0,0,0,0,1
23.0,112700.0,0,20000.0,13.22,0.18,3.0,559,1,0,0,0,0,0,0,0,1,0,0,0,1,0,0
23.0,114961.0,1,20000.0,14.59,0.17,2.0,654,1,0,1,0,0,0,0,0,1,0,0,0,0,0,0
25.0,130715.0,5,20000.0,11.01,0.15,4.0,632,0,1,0,0,0,0,0,0,1,0,1,0,0,0,0
25.0,117215.0,2,20000.0,11.01,0.17,3.0,672,1,1,1,0,0,0,0,0,1,0,0,0,1,0,0
23.0,132975.0,1,20000.0,12.42,0.15,3.0,630,0,1,0,0,1,0,0,0,1,1,0,0,0,0,0
22.0,132669.0,0,20000.0,14.17,0.15,3.0,476,0,1,1,0,0,0,0,0,1,1,0,0,0,0,1
22.0,132809.0,0,20000.0,13.72,0.15,3.0,691,0,0,0,0,1,0,0,0,1,0,0,0,0,0,1
24.0,133069.0,2,20000.0,10.38,0.15,4.0,672,0,1,0,0,0,0,0,0,1,0,0,0,1,0,1
23.0,133031.0,0,20000.0,11.01,0.15,2.0,709,0,1,0,0,0,0,0,0,1,0,0,0,0,1,0
22.0,28529.0,1,2000.0,7.51,0.07,3.0,521,0,0,0,0,0,0,0,0,0,0,0,0,1,0,1
22.0,28518.0,0,7125.0,11.71,0.25,3.0,564,1,0,0,0,0,0,0,0,0,0,1,0,0,0,0
23.0,28149.0,0,3000.0,8.9,0.11,2.0,626,1,1,0,0,1,0,0,0,0,0,0,0,1,0,0
25.0,103168.0,1,20000.0,17.39,0.19,2.0,662,1,0,0,0,0,1,0,0,1,0,0,1,0,0,0
23.0,28372.0,0,4800.0,5.79,0.17,2.0,667,0,0,1,0,0,0,0,0,0,0,0,0,1,0,0
22.0,28527.0,2,8300.0,12.61,0.29,2.0,690,1,1,0,0,1,0,0,0,0,0,0,0,1,0,0
23.0,145007.0,1,20000.0,10.37,0.14,4.0,628,0,1,0,0,1,0,0,0,1,0,0,1,0,0,1
24.0,27861.0,0,4750.0,11.36,0.17,3.0,562,0,1,1,0,0,0,0,1,0,0,1,0,0,0,1
24.0,146157.0,0,20000.0,8.9,0.14,3.0,670,0,0,0,0,0,0,0,0,1,0,0,0,0,1,0
23.0,150985.0,0,20000.0,11.11,0.13,4.0,602,0,0,0,0,0,0,0,0,1,0,0,0,0,1,0
22.0,28613.0,0,3000.0,8.94,0.1,2.0,595,0,1,0,0,1,0,0,0,0,1,0,0,0,0,1
25.0,157396.0,3,20000.0,15.27,0.13,2.0,687,0,1,0,0,0,0,0,0,1,0,0,0,1,0,0
26.0,156668.0,3,20000.0,13.11,0.13,4.0,668,0,0,1,0,0,0,0,0,1,0,0,0,0,0,1
23.0,28773.0,0,6000.0,16.0,0.21,2.0,657,0,1,1,0,0,0,0,0,0,1,0,0,0,0,1
24.0,160903.0,0,20000.0,12.36,0.12,2.0,527,0,0,0,0,1,0,0,0,1,1,0,0,0,0,1
22.0,28257.0,0,10625.0,7.51,0.38,4.0,524,0,1,0,0,0,0,0,0,0,0,0,0,0,0,1
21.0,28410.0,0,7000.0,8.9,0.25,3.0,606,0,0,0,0,1,0,0,0,0,0,0,1,0,0,1
25.0,168862.0,0,20000.0,6.54,0.12,4.0,546,0,1,0,0,0,1,0,0,1,1,0,0,0,0,1
24.0,166817.0,2,20000.0,15.99,0.12,3.0,681,1,0,0,0,0,1,0,0,1,0,0,0,0,1,0
23.0,28492.0,2,3600.0,17.27,0.13,3.0,502,1,1,0,0,1,0,0,0,0,0,1,0,0,0,0
26.0,178602.0,6,20000.0,17.99,0.11,3.0,604,1,1,0,0,0,1,0,0,1,0,0,0,0,0,0
22.0,193248.0,0,20000.0,7.49,0.1,4.0,599,0,1,1,0,0,0,0,0,1,0,0,0,1,0,1
22.0,27969.0,0,4800.0,10.0,0.17,4.0,644,0,1,0,0,0,0,0,0,0,0,0,0,0,0,1
26.0,193076.0,4,20000.0,9.99,0.1,3.0,660,0,0,0,0,1,0,0,0,1,0,1,0,0,0,1
26.0,202337.0,2,20000.0,11.36,0.1,4.0,652,0,0,1,0,0,0,0,0,1,0,0,0,0,1,0
26.0,208059.0,4,20000.0,11.83,0.1,2.0,615,0,0,1,0,0,0,0,0,1,0,1,0,0,0,0
21.0,28786.0,0,3000.0,13.35,0.1,3.0,638,0,0,1,0,0,0,0,0,0,0,0,0,0,0,1
25.0,210999.0,2,20000.0,14.72,0.09,2.0,680,0,1,1,0,0,0,0,0,1,0,0,0,0,0,1
25.0,28595.0,2,4400.0,6.76,0.15,2.0,611,0,1,0,0,1,0,0,0,0,0,1,0,0,0,0
25.0,70930.0,0,19900.0,11.83,0.28,4.0,578,1,0,0,0,0,0,0,0,1,0,0,1,0,0,0
26.0,140072.0,0,19800.0,11.48,0.14,4.0,617,0,0,0,0,0,1,0,0,1,0,0,1,0,0,1
26.0,24756.0,8,500.0,11.41,0.02,2.0,659,0,1,0,0,0,1,0,0,1,0,0,1,0,0,0
25.0,28644.0,4,10000.0,11.01,0.35,2.0,570,1,1,0,0,1,0,0,0,0,0,0,0,1,0,0
21.0,23899.0,1,700.0,12.29,0.03,2.0,658,0,0,1,0,0,0,0,0,1,1,0,0,0,0,1
22.0,28752.0,0,7000.0,14.96,0.24,3.0,484,0,0,0,0,0,1,0,0,0,1,0,0,0,0,1
25.0,23980.0,6,750.0,12.29,0.03,4.0,645,0,1,0,0,1,0,0,0,1,0,0,0,0,0,1
23.0,13059.0,0,1000.0,10.37,0.08,2.0,541,1,1,0,0,0,0,0,0,1,0,0,0,1,0,0
22.0,13021.0,1,1000.0,14.74,0.08,4.0,610,1,0,0,0,1,0,0,0,1,0,1,0,0,0,0
21.0,13197.0,1,1000.0,13.43,0.08,4.0,722,1,0,0,0,0,1,0,0,1,0,1,0,0,0,0
22.0,29111.0,0,2400.0,9.63,0.08,4.0,668,0,1,0,0,1,0,0,0,0,1,0,0,0,0,0
21.0,28319.0,0,2400.0,12.21,0.08,4.0,628,0,1,0,0,0,0,1,0,0,1,0,0,0,0,1
23.0,13817.0,1,1000.0,10.25,0.07,2.0,667,1,0,0,0,0,1,0,0,1,0,0,1,0,0,0
22.0,14763.0,0,1000.0,12.99,0.07,4.0,540,0,1,0,0,0,0,0,0,1,0,0,1,0,0,1
22.0,15248.0,0,1000.0,13.98,0.07,4.0,547,0,0,1,0,0,0,0,0,1,0,0,0,0,1,1
23.0,15553.0,3,1000.0,14.65,0.06,3.0,602,0,0,1,0,0,0,0,0,1,0,0,0,0,0,1
25.0,15255.0,2,1000.0,10.65,0.07,2.0,611,0,1,1,0,0,0,0,0,1,1,0,0,0,0,0
21.0,14997.0,0,1000.0,13.98,0.07,2.0,669,0,1,0,0,0,0,0,0,1,1,0,0,0,0,1
22.0,15102.0,1,1000.0,13.57,0.07,3.0,559,1,1,0,0,1,0,0,0,1,0,0,0,1,0,0
22.0,16077.0,3,1000.0,14.96,0.06,3.0,642,1,0,1,0,0,0,0,0,1,0,0,0,1,0,0
24.0,17683.0,0,1000.0,10.0,0.06,4.0,562,1,1,1,0,0,0,0,0,1,0,0,0,0,0,0
21.0,18221.0,0,1000.0,16.29,0.05,4.0,559,1,1,0,0,1,0,0,0,1,0,0,0,0,1,0
23.0,28684.0,1,2000.0,11.11,0.07,3.0,591,0,0,1,0,0,0,0,1,0,0,0,0,0,1,0
21.0,28348.0,0,5000.0,11.01,0.18,3.0,506,0,0,0,0,1,0,0,1,0,0,0,0,0,1,1
22.0,18290.0,2,1000.0,16.69,0.05,3.0,623,1,1,0,0,0,0,0,0,1,0,0,0,0,1,0
21.0,28367.0,0,15000.0,8.94,0.53,2.0,600,0,1,0,0,0,0,0,1,0,1,0,0,0,0,1
22.0,18923.0,0,1000.0,14.3,0.05,3.0,599,1,1,0,0,0,0,0,0,1,0,0,1,0,0,0
21.0,20259.0,0,1000.0,15.65,0.05,3.0,604,1,1,1,0,0,0,0,0,1,0,0,0,0,1,0
24.0,21414.0,3,1000.0,11.49,0.05,3.0,619,0,1,1,0,0,0,0,0,1,0,0,0,0,1,1
22.0,20953.0,0,1000.0,13.48,0.05,4.0,665,0,0,0,0,0,0,0,0,1,1,0,0,0,0,1
24.0,24085.0,3,1000.0,12.53,0.04,4.0,655,0,1,1,0,0,0,0,0,1,1,0,0,0,0,1
23.0,48233.0,2,19000.0,10.62,0.39,2.0,606,1,0,0,0,1,0,0,0,1,1,0,0,0,0,0
22.0,48844.0,0,19000.0,12.18,0.39,3.0,562,1,1,0,0,0,0,0,0,1,0,0,0,0,1,0
25.0,57272.0,1,19000.0,11.99,0.33,2.0,648,1,0,0,0,0,1,0,0,1,0,0,1,0,0,0
25.0,61342.0,1,19000.0,10.99,0.31,4.0,645,1,1,1,0,0,0,0,0,1,0,1,0,0,0,0
25.0,63600.0,0,19000.0,11.01,0.3,4.0,610,1,1,1,0,0,0,0,0,1,0,0,1,0,0,0
24.0,29212.0,1,7000.0,10.38,0.24,3.0,607,0,1,0,0,1,0,0,0,0,0,0,0,0,0,1
26.0,57891.0,2,19000.0,16.7,0.33,4.0,649,1,1,0,0,1,0,0,0,1,0,0,0,1,0,0
25.0,65799.0,2,19000.0,11.01,0.29,4.0,640,1,1,1,0,0,0,0,0,1,0,0,0,0,0,0
22.0,66071.0,0,19000.0,11.01,0.29,4.0,664,1,1,0,0,0,1,0,0,1,0,0,0,0,1,0
23.0,66303.0,3,19000.0,11.14,0.29,2.0,611,1,0,0,0,0,0,0,0,1,0,0,0,1,0,0
26.0,75656.0,7,19000.0,7.49,0.25,2.0,621,1,1,1,0,0,0,0,0,1,0,0,1,0,0,0
22.0,84974.0,1,19000.0,8.88,0.22,4.0,589,0,0,0,0,1,0,0,0,1,0,0,1,0,0,1
23.0,87479.0,3,19000.0,10.99,0.22,4.0,671,0,0,0,0,0,1,0,0,1,0,0,1,0,0,1
24.0,88452.0,0,19000.0,10.62,0.21,3.0,653,0,0,1,0,0,0,0,0,1,0,1,0,0,0,0
23.0,94830.0,0,19000.0,8.9,0.2,2.0,642,0,1,1,0,0,0,0,0,1,0,0,0,0,1,1
25.0,29498.0,6,6000.0,14.59,0.2,2.0,664,1,0,1,0,0,0,0,0,0,0,0,1,0,0,0
22.0,29756.0,1,2500.0,9.91,0.08,2.0,592,0,1,1,0,0,0,0,1,0,0,0,0,0,1,1
26.0,116006.0,3,19000.0,13.22,0.16,2.0,663,0,1,0,0,0,0,0,0,1,0,0,0,1,0,0
24.0,126727.0,0,19000.0,12.29,0.15,2.0,582,0,1,0,0,1,0,0,0,1,0,1,0,0,0,1
24.0,210705.0,0,19000.0,11.48,0.09,3.0,655,0,0,0,0,1,0,0,0,1,0,0,0,1,0,0
26.0,61142.0,1,18950.0,11.01,0.31,3.0,632,1,1,1,0,0,0,0,0,1,0,0,0,1,0,0
26.0,67267.0,2,18800.0,6.99,0.28,2.0,505,1,0,0,0,0,0,0,0,1,0,0,0,0,0,0
22.0,84840.0,4,18750.0,10.38,0.22,2.0,661,0,0,1,0,0,0,0,0,1,0,0,0,0,0,1
22.0,44761.0,0,18725.0,6.54,0.42,3.0,667,1,1,1,0,0,0,0,0,1,0,0,0,0,1,0
22.0,52878.0,0,18550.0,11.83,0.35,4.0,694,1,1,0,0,1,0,0,0,1,0,0,0,0,0,0
24.0,29659.0,4,7100.0,12.42,0.24,3.0,641,0,1,0,0,0,0,0,1,0,0,0,0,0,1,0
24.0,42042.0,0,18500.0,10.71,0.44,2.0,640,1,1,1,0,0,0,0,0,1,0,0,1,0,0,0
21.0,44065.0,0,18500.0,10.91,0.42,3.0,690,1,1,0,0,0,0,0,0,1,1,0,0,0,0,0
22.0,46436.0,0,18500.0,7.66,0.4,4.0,673,1,1,0,0,0,1,0,0,1,0,0,1,0,0,0
25.0,67957.0,6,18500.0,13.61,0.27,3.0,619,1,0,0,0,1,0,0,0,1,0,0,0,0,0,0
23.0,90359.0,3,18500.0,11.26,0.2,3.0,697,0,1,0,0,0,0,0,0,1,1,0,0,0,0,1
25.0,90794.0,1,18500.0,7.49,0.2,3.0,608,0,1,0,0,0,0,0,0,1,1,0,0,0,0,1
24.0,88481.0,1,18500.0,7.9,0.21,2.0,605,1,1,0,0,0,1,0,0,1,0,1,0,0,0,0
22.0,29833.0,1,8000.0,9.91,0.27,2.0,592,0,0,1,0,0,0,0,1,0,0,0,1,0,0,0
21.0,29833.0,0,3000.0,7.9,0.1,4.0,642,0,1,0,0,0,0,0,0,0,0,0,0,0,1,1
24.0,94624.0,1,18500.0,15.33,0.2,2.0,692,1,1,1,0,0,0,0,0,1,0,0,0,0,1,0
26.0,174957.0,3,18500.0,12.87,0.11,3.0,584,0,1,0,0,1,0,0,0,1,1,0,0,0,0,0
22.0,29781.0,2,5000.0,7.9,0.17,2.0,598,0,1,0,0,0,0,0,0,0,1,0,0,0,0,1
22.0,59476.0,3,18400.0,13.16,0.31,2.0,653,1,0,0,0,0,0,0,0,1,0,0,0,1,0,0
22.0,61014.0,0,18400.0,9.99,0.3,2.0,649,1,0,1,0,0,0,0,0,1,0,0,0,0,0,0
23.0,145076.0,0,18400.0,8.9,0.13,2.0,674,0,1,0,0,1,0,0,0,1,0,0,0,1,0,1
22.0,29823.0,0,5000.0,14.65,0.17,4.0,655,1,1,0,0,1,0,0,0,0,0,0,0,0,1,0
25.0,29628.0,0,6000.0,13.49,0.2,3.0,636,0,0,0,0,1,0,0,0,0,0,0,0,0,0,1
22.0,42149.0,1,18250.0,10.25,0.43,3.0,571,1,0,0,0,1,0,0,0,1,0,0,0,0,1,0
24.0,42910.0,1,18250.0,11.49,0.43,4.0,631,1,0,1,0,0,0,0,0,1,0,0,0,1,0,0
25.0,42253.0,3,18250.0,17.04,0.43,3.0,587,1,0,0,0,0,1,0,0,1,0,0,0,0,1,0
23.0,52308.0,0,18250.0,10.25,0.35,3.0,657,1,1,0,0,0,1,0,0,1,0,0,1,0,0,0
22.0,29875.0,0,1300.0,5.42,0.04,3.0,687,0,1,0,0,0,1,0,0,0,0,0,0,0,1,0
22.0,45672.0,0,18250.0,14.61,0.4,2.0,561,1,0,1,0,0,0,0,0,1,0,0,0,1,0,0
24.0,56134.0,0,18250.0,13.35,0.33,4.0,684,1,0,0,0,1,0,0,0,1,0,0,0,0,1,0
25.0,29750.0,0,5800.0,5.99,0.19,3.0,639,0,0,1,0,0,0,0,0,0,0,0,0,0,0,0
23.0,56040.0,0,18250.0,10.75,0.33,2.0,590,1,0,0,0,1,0,0,0,1,0,0,0,1,0,0
25.0,56207.0,0,18250.0,14.26,0.32,3.0,610,1,0,1,0,0,0,0,0,1,0,0,0,0,0,0
25.0,67109.0,1,18250.0,17.56,0.27,2.0,594,1,0,0,0,1,0,0,0,1,0,0,0,0,1,0
25.0,59820.0,1,18250.0,14.83,0.31,3.0,609,1,1,0,0,0,0,0,0,1,0,0,0,0,1,0
22.0,60829.0,1,18250.0,16.7,0.3,3.0,633,1,0,0,0,1,0,0,0,1,0,0,0,0,0,0
23.0,60902.0,0,18225.0,10.74,0.3,2.0,685,1,0,0,0,0,0,0,0,1,0,0,0,0,1,0
26.0,53842.0,3,18225.0,14.91,0.34,4.0,663,1,0,0,0,0,0,0,0,1,0,1,0,0,0,0
24.0,43839.0,1,18200.0,8.88,0.42,4.0,562,1,0,0,0,1,0,0,0,1,0,0,0,0,1,0
25.0,44695.0,3,18200.0,9.91,0.41,4.0,647,1,1,0,0,0,0,0,0,1,0,0,0,1,0,0
22.0,44500.0,0,18200.0,11.71,0.41,3.0,601,1,1,0,0,0,0,0,0,1,0,0,0,0,0,0
24.0,66842.0,3,18200.0,10.99,0.27,2.0,639,1,1,1,0,0,0,0,0,1,1,0,0,0,0,0
23.0,33227.0,0,18000.0,11.54,0.54,4.0,679,1,1,0,0,0,0,0,0,1,0,0,0,0,1,0
23.0,29733.0,0,8000.0,15.62,0.27,2.0,639,0,0,1,0,0,0,0,1,0,1,0,0,0,0,0
23.0,41153.0,3,18000.0,9.91,0.44,4.0,662,1,0,1,0,0,0,0,0,1,0,0,0,0,1,0
21.0,44105.0,0,18000.0,9.88,0.41,3.0,654,1,0,1,0,0,0,0,0,1,0,0,0,1,0,0
21.0,38061.0,1,18000.0,13.48,0.47,4.0,693,1,1,1,0,0,0,0,0,1,1,0,0,0,0,0
23.0,48706.0,0,18000.0,9.25,0.37,4.0,662,1,1,0,0,0,1,0,0,1,1,0,0,0,0,0
25.0,48986.0,3,18000.0,13.11,0.37,3.0,675,1,1,0,0,0,1,0,0,1,0,0,1,0,0,0
22.0,29645.0,0,5000.0,10.99,0.17,4.0,624,0,0,0,0,1,0,0,0,0,0,0,0,0,0,1
25.0,51103.0,4,18000.0,6.17,0.35,2.0,642,1,0,1,0,0,0,0,0,1,0,0,0,0,1,0
24.0,30073.0,2,8000.0,5.99,0.27,4.0,689,0,0,0,0,0,0,0,0,0,0,0,1,0,0,1
24.0,29678.0,1,2400.0,7.49,0.08,2.0,603,0,1,1,0,0,0,0,1,0,1,0,0,0,0,1
24.0,52304.0,0,18000.0,11.03,0.34,2.0,487,1,0,0,0,1,0,0,0,1,0,0,0,0,0,0
24.0,52468.0,4,18000.0,7.9,0.34,2.0,608,1,0,0,0,1,0,0,0,1,0,0,1,0,0,0
22.0,53665.0,0,18000.0,13.57,0.34,4.0,664,1,0,0,0,1,0,0,0,1,1,0,0,0,0,0
24.0,53603.0,0,18000.0,12.18,0.34,2.0,660,1,0,0,0,0,1,0,0,1,0,0,0,0,1,0
25.0,47902.0,2,18000.0,17.19,0.38,3.0,654,1,0,0,0,0,0,0,0,1,0,0,1,0,0,0
22.0,57121.0,0,18000.0,15.23,0.32,2.0,672,1,1,0,0,1,0,0,0,1,0,0,1,0,0,0
22.0,58364.0,0,18000.0,11.01,0.31,2.0,591,1,1,0,0,1,0,0,0,1,1,0,0,0,0,0
24.0,51764.0,0,18000.0,14.46,0.35,3.0,618,1,1,0,0,0,0,0,0,1,0,1,0,0,0,0
24.0,29776.0,4,4200.0,6.99,0.14,3.0,614,0,0,1,0,0,0,0,1,0,0,0,0,0,1,1
24.0,53028.0,2,18000.0,16.63,0.34,2.0,709,1,0,1,0,0,0,0,0,1,0,0,0,0,0,0
24.0,61117.0,0,18000.0,12.42,0.29,4.0,674,1,0,0,0,0,1,0,0,1,0,0,1,0,0,0
24.0,61070.0,1,18000.0,7.9,0.29,4.0,628,1,0,1,0,0,0,0,0,1,0,0,0,0,1,0
23.0,29966.0,1,5000.0,15.99,0.17,2.0,673,1,0,1,0,0,0,0,0,0,0,0,1,0,0,0
23.0,29640.0,3,4200.0,10.99,0.14,4.0,595,0,0,1,0,0,0,0,1,0,0,0,0,1,0,1
26.0,60841.0,7,18000.0,13.11,0.3,3.0,651,1,0,0,0,1,0,0,0,1,1,0,0,0,0,0
22.0,60669.0,0,18000.0,13.79,0.3,2.0,618,1,0,0,0,1,0,0,0,1,0,0,0,0,1,0
22.0,29540.0,0,2500.0,10.59,0.08,2.0,620,0,1,0,0,0,1,0,1,0,1,0,0,0,0,1
22.0,63084.0,0,18000.0,11.01,0.29,4.0,641,1,0,0,0,0,1,0,0,1,1,0,0,0,0,0
22.0,29906.0,0,6000.0,12.68,0.2,4.0,638,0,0,0,0,0,1,0,1,0,0,0,1,0,0,0
25.0,63657.0,4,18000.0,12.98,0.28,4.0,572,1,1,1,0,0,0,0,0,1,0,0,0,0,1,0
22.0,63459.0,2,18000.0,13.85,0.28,4.0,683,1,0,0,0,0,1,0,0,1,0,0,0,0,1,0
25.0,63913.0,3,18000.0,12.21,0.28,2.0,647,1,1,0,0,0,0,0,0,1,0,0,0,0,1,0
22.0,57005.0,0,18000.0,10.71,0.32,3.0,554,1,0,1,0,0,0,0,0,1,0,0,0,0,0,0
24.0,58556.0,0,18000.0,6.54,0.31,2.0,634,1,0,0,0,1,0,0,0,1,0,0,0,1,0,0
23.0,30483.0,0,8000.0,5.79,0.26,3.0,574,0,1,0,0,1,0,0,1,0,0,0,0,1,0,1
25.0,67108.0,3,18000.0,12.84,0.27,2.0,594,1,0,0,0,0,0,0,0,1,1,0,0,0,0,0
25.0,67409.0,4,18000.0,10.99,0.27,4.0,646,1,0,0,0,1,0,0,0,1,0,1,0,0,0,0
